[ 
{ 
"DN_COUNTRY_ID":1,
"DC_COUNTRY_CODE":"AF",
"DC_COUNTRY_CODE_THREE":"AFG",
"DC_COUNTRY_DIAL_CODE":"+93",
"DC_COUNTRY_NAME":"Afghanistan",
"DC_CURRENCY_NUMERIC":"971",
"DC_ISO":"4",
"DB_MULTIPLE_FORMAT":"0",
"DC_NATIONALITY":"Afghani",
"DC_PHONE_FORMAT":"2:3:4",
"DN_TOTAL_NUMBER":9,
"DB_ACTIVE":"0"
},
{ 
"DN_COUNTRY_ID":2,
"DC_COUNTRY_CODE":"AL",
"DC_COUNTRY_CODE_THREE":"ALB",
"DC_COUNTRY_DIAL_CODE":"+355",
"DC_COUNTRY_NAME":"Albania",
"DC_CURRENCY_NUMERIC":"008",
"DC_ISO":"8",
"DB_MULTIPLE_FORMAT":"0",
"DC_NATIONALITY":"Albanian",
"DC_PHONE_FORMAT":"1:3:4",
"DN_TOTAL_NUMBER":8,
"DB_ACTIVE":"0"
},
{ 
"DN_COUNTRY_ID":3,
"DC_COUNTRY_CODE":"DZ",
"DC_COUNTRY_CODE_THREE":"DZA",
"DC_COUNTRY_DIAL_CODE":"+213",
"DC_COUNTRY_NAME":"Algeria",
"DC_CURRENCY_NUMERIC":"012",
"DC_ISO":"12",
"DB_MULTIPLE_FORMAT":"0",
"DC_NATIONALITY":"Algerian",
"DC_PHONE_FORMAT":"1:2:2:2:2",
"DN_TOTAL_NUMBER":9,
"DB_ACTIVE":"0"
},
{ 
"DN_COUNTRY_ID":4,
"DC_COUNTRY_CODE":"AS",
"DC_COUNTRY_CODE_THREE":"ASM",
"DC_COUNTRY_DIAL_CODE":"+1",
"DC_COUNTRY_NAME":"American Samoa",
"DC_CURRENCY_NUMERIC":"840",
"DC_ISO":"840",
"DB_MULTIPLE_FORMAT":"0",
"DC_NATIONALITY":"American",
"DC_PHONE_FORMAT":"3:3:4",
"DN_TOTAL_NUMBER":10,
"DB_ACTIVE":"0"
},
{ 
"DN_COUNTRY_ID":5,
"DC_COUNTRY_CODE":"AD",
"DC_COUNTRY_CODE_THREE":"AND",
"DC_COUNTRY_DIAL_CODE":"+376",
"DC_COUNTRY_NAME":"Andorra",
"DC_CURRENCY_NUMERIC":"978",
"DC_ISO":"20",
"DB_MULTIPLE_FORMAT":"1",
"DC_NATIONALITY":"Andorian",
"DC_PHONE_FORMAT":null,
"DN_TOTAL_NUMBER":6,
"DB_ACTIVE":"0"
},
{ 
"DN_COUNTRY_ID":6,
"DC_COUNTRY_CODE":"AO",
"DC_COUNTRY_CODE_THREE":"AGO",
"DC_COUNTRY_DIAL_CODE":"+244",
"DC_COUNTRY_NAME":"Angola",
"DC_CURRENCY_NUMERIC":"973",
"DC_ISO":"24",
"DB_MULTIPLE_FORMAT":"0",
"DC_NATIONALITY":"Angolian",
"DC_PHONE_FORMAT":"3:3:3",
"DN_TOTAL_NUMBER":9,
"DB_ACTIVE":"0"
},
{ 
"DN_COUNTRY_ID":7,
"DC_COUNTRY_CODE":"AI",
"DC_COUNTRY_CODE_THREE":"AIA",
"DC_COUNTRY_DIAL_CODE":"+1",
"DC_COUNTRY_NAME":"Anguilla",
"DC_CURRENCY_NUMERIC":"951",
"DC_ISO":"660",
"DB_MULTIPLE_FORMAT":"0",
"DC_NATIONALITY":"Anguillan",
"DC_PHONE_FORMAT":"3:3:4",
"DN_TOTAL_NUMBER":10,
"DB_ACTIVE":"0"
},
{ 
"DN_COUNTRY_ID":8,
"DC_COUNTRY_CODE":"AQ",
"DC_COUNTRY_CODE_THREE":"ATA",
"DC_COUNTRY_DIAL_CODE":"+672",
"DC_COUNTRY_NAME":"Antarctica",
"DC_CURRENCY_NUMERIC":"578",
"DC_ISO":"10",
"DB_MULTIPLE_FORMAT":"0",
"DC_NATIONALITY":"Antarctic",
"DC_PHONE_FORMAT":"2:4",
"DN_TOTAL_NUMBER":6,
"DB_ACTIVE":"0"
},
{ 
"DN_COUNTRY_ID":9,
"DC_COUNTRY_CODE":"AG",
"DC_COUNTRY_CODE_THREE":"ATG",
"DC_COUNTRY_DIAL_CODE":"+1",
"DC_COUNTRY_NAME":"Antigua And Barbuda",
"DC_CURRENCY_NUMERIC":"951",
"DC_ISO":"28",
"DB_MULTIPLE_FORMAT":"0",
"DC_NATIONALITY":"Antiguan or Barbudan",
"DC_PHONE_FORMAT":"3:3:4",
"DN_TOTAL_NUMBER":10,
"DB_ACTIVE":"0"
},
{ 
"DN_COUNTRY_ID":10,
"DC_COUNTRY_CODE":"AR",
"DC_COUNTRY_CODE_THREE":"ARG",
"DC_COUNTRY_DIAL_CODE":"+54",
"DC_COUNTRY_NAME":"Argentina",
"DC_CURRENCY_NUMERIC":"032",
"DC_ISO":"32",
"DB_MULTIPLE_FORMAT":"1",
"DC_NATIONALITY":"Argentine",
"DC_PHONE_FORMAT":null,
"DN_TOTAL_NUMBER":10,
"DB_ACTIVE":"0"
},
{ 
"DN_COUNTRY_ID":11,
"DC_COUNTRY_CODE":"AM",
"DC_COUNTRY_CODE_THREE":"ARM",
"DC_COUNTRY_DIAL_CODE":"+374",
"DC_COUNTRY_NAME":"Armenia",
"DC_CURRENCY_NUMERIC":"051",
"DC_ISO":"51",
"DB_MULTIPLE_FORMAT":"1",
"DC_NATIONALITY":"Armenian",
"DC_PHONE_FORMAT":null,
"DN_TOTAL_NUMBER":10,
"DB_ACTIVE":"0"
},
{ 
"DN_COUNTRY_ID":12,
"DC_COUNTRY_CODE":"AW",
"DC_COUNTRY_CODE_THREE":"ABW",
"DC_COUNTRY_DIAL_CODE":"+297",
"DC_COUNTRY_NAME":"Aruba",
"DC_CURRENCY_NUMERIC":"533",
"DC_ISO":"533",
"DB_MULTIPLE_FORMAT":"0",
"DC_NATIONALITY":"Arubian",
"DC_PHONE_FORMAT":"2:7",
"DN_TOTAL_NUMBER":9,
"DB_ACTIVE":"0"
},
{ 
"DN_COUNTRY_ID":13,
"DC_COUNTRY_CODE":"AU",
"DC_COUNTRY_CODE_THREE":"AUS",
"DC_COUNTRY_DIAL_CODE":"+61",
"DC_COUNTRY_NAME":"Australia",
"DC_CURRENCY_NUMERIC":"036",
"DC_ISO":"36",
"DB_MULTIPLE_FORMAT":"0",
"DC_NATIONALITY":"Australian",
"DC_PHONE_FORMAT":"1:4:4",
"DN_TOTAL_NUMBER":9,
"DB_ACTIVE":"0"
},
{ 
"DN_COUNTRY_ID":14,
"DC_COUNTRY_CODE":"AT",
"DC_COUNTRY_CODE_THREE":"AUT",
"DC_COUNTRY_DIAL_CODE":"+43",
"DC_COUNTRY_NAME":"Austria",
"DC_CURRENCY_NUMERIC":"978",
"DC_ISO":"40",
"DB_MULTIPLE_FORMAT":"1",
"DC_NATIONALITY":"Austrian",
"DC_PHONE_FORMAT":null,
"DN_TOTAL_NUMBER":11,
"DB_ACTIVE":"0"
},
{ 
"DN_COUNTRY_ID":15,
"DC_COUNTRY_CODE":"AZ",
"DC_COUNTRY_CODE_THREE":"AZE",
"DC_COUNTRY_DIAL_CODE":"+994",
"DC_COUNTRY_NAME":"Azerbaijan",
"DC_CURRENCY_NUMERIC":"944",
"DC_ISO":"944",
"DB_MULTIPLE_FORMAT":"0",
"DC_NATIONALITY":"Azerbaijani, Azeri",
"DC_PHONE_FORMAT":"2:7",
"DN_TOTAL_NUMBER":10,
"DB_ACTIVE":"0"
},
{ 
"DN_COUNTRY_ID":16,
"DC_COUNTRY_CODE":"BS",
"DC_COUNTRY_CODE_THREE":"BHS",
"DC_COUNTRY_DIAL_CODE":"+1",
"DC_COUNTRY_NAME":"Bahamas The",
"DC_CURRENCY_NUMERIC":"044",
"DC_ISO":"44",
"DB_MULTIPLE_FORMAT":"0",
"DC_NATIONALITY":"Bahameese",
"DC_PHONE_FORMAT":"3:3:4",
"DN_TOTAL_NUMBER":10,
"DB_ACTIVE":"0"
},
{ 
"DN_COUNTRY_ID":17,
"DC_COUNTRY_CODE":"BH",
"DC_COUNTRY_CODE_THREE":"BHR",
"DC_COUNTRY_DIAL_CODE":"+973",
"DC_COUNTRY_NAME":"Bahrain",
"DC_CURRENCY_NUMERIC":"048",
"DC_ISO":"48",
"DB_MULTIPLE_FORMAT":"1",
"DC_NATIONALITY":"Bahrainian",
"DC_PHONE_FORMAT":null,
"DN_TOTAL_NUMBER":8,
"DB_ACTIVE":"0"
},
{ 
"DN_COUNTRY_ID":18,
"DC_COUNTRY_CODE":"BD",
"DC_COUNTRY_CODE_THREE":"BGD",
"DC_COUNTRY_DIAL_CODE":"+880",
"DC_COUNTRY_NAME":"Bangladesh",
"DC_CURRENCY_NUMERIC":"050",
"DC_ISO":"50",
"DB_MULTIPLE_FORMAT":"0",
"DC_NATIONALITY":"Bangladeshi",
"DC_PHONE_FORMAT":"4:6",
"DN_TOTAL_NUMBER":10,
"DB_ACTIVE":"0"
},
{ 
"DN_COUNTRY_ID":19,
"DC_COUNTRY_CODE":"BB",
"DC_COUNTRY_CODE_THREE":"BRB",
"DC_COUNTRY_DIAL_CODE":"+1",
"DC_COUNTRY_NAME":"Barbados",
"DC_CURRENCY_NUMERIC":"052",
"DC_ISO":"52",
"DB_MULTIPLE_FORMAT":"0",
"DC_NATIONALITY":"Barbadian",
"DC_PHONE_FORMAT":"3:3:4",
"DN_TOTAL_NUMBER":10,
"DB_ACTIVE":"0"
},
{ 
"DN_COUNTRY_ID":20,
"DC_COUNTRY_CODE":"BY",
"DC_COUNTRY_CODE_THREE":"BLR",
"DC_COUNTRY_DIAL_CODE":"+375",
"DC_COUNTRY_NAME":"Belarus",
"DC_CURRENCY_NUMERIC":"974",
"DC_ISO":"112",
"DB_MULTIPLE_FORMAT":"0",
"DC_NATIONALITY":"Belarusian",
"DC_PHONE_FORMAT":"2:3:4",
"DN_TOTAL_NUMBER":9,
"DB_ACTIVE":"0"
},
{ 
"DN_COUNTRY_ID":21,
"DC_COUNTRY_CODE":"BE",
"DC_COUNTRY_CODE_THREE":"BEL",
"DC_COUNTRY_DIAL_CODE":"+32",
"DC_COUNTRY_NAME":"Belgium",
"DC_CURRENCY_NUMERIC":"978",
"DC_ISO":"56",
"DB_MULTIPLE_FORMAT":"0",
"DC_NATIONALITY":"Belgian",
"DC_PHONE_FORMAT":"3:2:2:2",
"DN_TOTAL_NUMBER":9,
"DB_ACTIVE":"0"
},
{ 
"DN_COUNTRY_ID":22,
"DC_COUNTRY_CODE":"BZ",
"DC_COUNTRY_CODE_THREE":"BLZ",
"DC_COUNTRY_DIAL_CODE":"+501",
"DC_COUNTRY_NAME":"Belize",
"DC_CURRENCY_NUMERIC":"084",
"DC_ISO":"84",
"DB_MULTIPLE_FORMAT":"0",
"DC_NATIONALITY":"Belizean",
"DC_PHONE_FORMAT":"3:4",
"DN_TOTAL_NUMBER":7,
"DB_ACTIVE":"0"
},
{ 
"DN_COUNTRY_ID":23,
"DC_COUNTRY_CODE":"BJ",
"DC_COUNTRY_CODE_THREE":"BEN",
"DC_COUNTRY_DIAL_CODE":"+229",
"DC_COUNTRY_NAME":"Benin",
"DC_CURRENCY_NUMERIC":"952",
"DC_ISO":"204",
"DB_MULTIPLE_FORMAT":"0",
"DC_NATIONALITY":"Beninese, Beninois",
"DC_PHONE_FORMAT":"2:2:4",
"DN_TOTAL_NUMBER":8,
"DB_ACTIVE":"0"
},
{ 
"DN_COUNTRY_ID":24,
"DC_COUNTRY_CODE":"BM",
"DC_COUNTRY_CODE_THREE":"BMU",
"DC_COUNTRY_DIAL_CODE":"+1",
"DC_COUNTRY_NAME":"Bermuda",
"DC_CURRENCY_NUMERIC":"060",
"DC_ISO":"60",
"DB_MULTIPLE_FORMAT":"0",
"DC_NATIONALITY":"Bermuda",
"DC_PHONE_FORMAT":"3:3:4",
"DN_TOTAL_NUMBER":10,
"DB_ACTIVE":"0"
},
{ 
"DN_COUNTRY_ID":25,
"DC_COUNTRY_CODE":"BT",
"DC_COUNTRY_CODE_THREE":"BTN",
"DC_COUNTRY_DIAL_CODE":"+975",
"DC_COUNTRY_NAME":"Bhutan",
"DC_CURRENCY_NUMERIC":"064",
"DC_ISO":"64",
"DB_MULTIPLE_FORMAT":"0",
"DC_NATIONALITY":"Bhutanese",
"DC_PHONE_FORMAT":"2:6",
"DN_TOTAL_NUMBER":8,
"DB_ACTIVE":"0"
},
{ 
"DN_COUNTRY_ID":26,
"DC_COUNTRY_CODE":"BO",
"DC_COUNTRY_CODE_THREE":"BOL",
"DC_COUNTRY_DIAL_CODE":"+591",
"DC_COUNTRY_NAME":"Bolivia",
"DC_CURRENCY_NUMERIC":"068",
"DC_ISO":"68",
"DB_MULTIPLE_FORMAT":"0",
"DC_NATIONALITY":"Bolivian",
"DC_PHONE_FORMAT":"1:7",
"DN_TOTAL_NUMBER":8,
"DB_ACTIVE":"0"
},
{ 
"DN_COUNTRY_ID":27,
"DC_COUNTRY_CODE":"BA",
"DC_COUNTRY_CODE_THREE":"BIH",
"DC_COUNTRY_DIAL_CODE":"+387",
"DC_COUNTRY_NAME":"Bosnia and Herzegovina",
"DC_CURRENCY_NUMERIC":"977",
"DC_ISO":"977",
"DB_MULTIPLE_FORMAT":"0",
"DC_NATIONALITY":"Bosnian",
"DC_PHONE_FORMAT":"2:3:3",
"DN_TOTAL_NUMBER":8,
"DB_ACTIVE":"0"
},
{ 
"DN_COUNTRY_ID":28,
"DC_COUNTRY_CODE":"BW",
"DC_COUNTRY_CODE_THREE":"BWA",
"DC_COUNTRY_DIAL_CODE":"+267",
"DC_COUNTRY_NAME":"Botswana",
"DC_CURRENCY_NUMERIC":"072",
"DC_ISO":"72",
"DB_MULTIPLE_FORMAT":"0",
"DC_NATIONALITY":"Motswana, Botswanan",
"DC_PHONE_FORMAT":"3:4",
"DN_TOTAL_NUMBER":7,
"DB_ACTIVE":"0"
},
{ 
"DN_COUNTRY_ID":29,
"DC_COUNTRY_CODE":"BV",
"DC_COUNTRY_CODE_THREE":"BVT",
"DC_COUNTRY_DIAL_CODE":"+55",
"DC_COUNTRY_NAME":"Bouvet Island",
"DC_CURRENCY_NUMERIC":"578",
"DC_ISO":"74",
"DB_MULTIPLE_FORMAT":"1",
"DC_NATIONALITY":"Bouvet Island",
"DC_PHONE_FORMAT":null,
"DN_TOTAL_NUMBER":10,
"DB_ACTIVE":"0"
},
{ 
"DN_COUNTRY_ID":30,
"DC_COUNTRY_CODE":"BR",
"DC_COUNTRY_CODE_THREE":"BRA",
"DC_COUNTRY_DIAL_CODE":"+55",
"DC_COUNTRY_NAME":"Brazil",
"DC_CURRENCY_NUMERIC":"986",
"DC_ISO":"76",
"DB_MULTIPLE_FORMAT":"0",
"DC_NATIONALITY":"Brazilian",
"DC_PHONE_FORMAT":"2:5:4",
"DN_TOTAL_NUMBER":11,
"DB_ACTIVE":"0"
},
{ 
"DN_COUNTRY_ID":31,
"DC_COUNTRY_CODE":"IO",
"DC_COUNTRY_CODE_THREE":"IOT",
"DC_COUNTRY_DIAL_CODE":"+246",
"DC_COUNTRY_NAME":"British Indian Ocean Territory",
"DC_CURRENCY_NUMERIC":"826",
"DC_ISO":"826",
"DB_MULTIPLE_FORMAT":"0",
"DC_NATIONALITY":"BIOT",
"DC_PHONE_FORMAT":"3:4",
"DN_TOTAL_NUMBER":7,
"DB_ACTIVE":"0"
},
{ 
"DN_COUNTRY_ID":32,
"DC_COUNTRY_CODE":"BN",
"DC_COUNTRY_CODE_THREE":"BRN",
"DC_COUNTRY_DIAL_CODE":"+673",
"DC_COUNTRY_NAME":"Brunei",
"DC_CURRENCY_NUMERIC":"096",
"DC_ISO":"96",
"DB_MULTIPLE_FORMAT":"0",
"DC_NATIONALITY":"Bruneian",
"DC_PHONE_FORMAT":"3:4",
"DN_TOTAL_NUMBER":7,
"DB_ACTIVE":"0"
},
{ 
"DN_COUNTRY_ID":33,
"DC_COUNTRY_CODE":"BG",
"DC_COUNTRY_CODE_THREE":"BGR",
"DC_COUNTRY_DIAL_CODE":"+359",
"DC_COUNTRY_NAME":"Bulgaria",
"DC_CURRENCY_NUMERIC":"975",
"DC_ISO":"100",
"DB_MULTIPLE_FORMAT":"1",
"DC_NATIONALITY":"Bulgarian",
"DC_PHONE_FORMAT":null,
"DN_TOTAL_NUMBER":9,
"DB_ACTIVE":"0"
},
{ 
"DN_COUNTRY_ID":34,
"DC_COUNTRY_CODE":"BF",
"DC_COUNTRY_CODE_THREE":"BFA",
"DC_COUNTRY_DIAL_CODE":"+226",
"DC_COUNTRY_NAME":"Burkina Faso",
"DC_CURRENCY_NUMERIC":"952",
"DC_ISO":"854",
"DB_MULTIPLE_FORMAT":"0",
"DC_NATIONALITY":"Burkinabé",
"DC_PHONE_FORMAT":"2:2:2:2",
"DN_TOTAL_NUMBER":8,
"DB_ACTIVE":"0"
},
{ 
"DN_COUNTRY_ID":35,
"DC_COUNTRY_CODE":"BI",
"DC_COUNTRY_CODE_THREE":"BDI",
"DC_COUNTRY_DIAL_CODE":"+257",
"DC_COUNTRY_NAME":"Burundi",
"DC_CURRENCY_NUMERIC":"108",
"DC_ISO":"108",
"DB_MULTIPLE_FORMAT":"0",
"DC_NATIONALITY":"Burundian",
"DC_PHONE_FORMAT":"2:2:4",
"DN_TOTAL_NUMBER":8,
"DB_ACTIVE":"0"
},
{ 
"DN_COUNTRY_ID":36,
"DC_COUNTRY_CODE":"KH",
"DC_COUNTRY_CODE_THREE":"KHM",
"DC_COUNTRY_DIAL_CODE":"+855",
"DC_COUNTRY_NAME":"Cambodia",
"DC_CURRENCY_NUMERIC":"116",
"DC_ISO":"116",
"DB_MULTIPLE_FORMAT":"1",
"DC_NATIONALITY":"Cambodian",
"DC_PHONE_FORMAT":null,
"DN_TOTAL_NUMBER":9,
"DB_ACTIVE":"0"
},
{ 
"DN_COUNTRY_ID":37,
"DC_COUNTRY_CODE":"CM",
"DC_COUNTRY_CODE_THREE":"CMR",
"DC_COUNTRY_DIAL_CODE":"+237",
"DC_COUNTRY_NAME":"Cameroon",
"DC_CURRENCY_NUMERIC":"950",
"DC_ISO":"120",
"DB_MULTIPLE_FORMAT":"1",
"DC_NATIONALITY":"Cameroonian",
"DC_PHONE_FORMAT":null,
"DN_TOTAL_NUMBER":9,
"DB_ACTIVE":"0"
},
{ 
"DN_COUNTRY_ID":38,
"DC_COUNTRY_CODE":"CA",
"DC_COUNTRY_CODE_THREE":"CAN",
"DC_COUNTRY_DIAL_CODE":"+1",
"DC_COUNTRY_NAME":"Canada",
"DC_CURRENCY_NUMERIC":"124",
"DC_ISO":"124",
"DB_MULTIPLE_FORMAT":"0",
"DC_NATIONALITY":"Canadian",
"DC_PHONE_FORMAT":"3:3:4",
"DN_TOTAL_NUMBER":10,
"DB_ACTIVE":"0"
},
{ 
"DN_COUNTRY_ID":39,
"DC_COUNTRY_CODE":"CV",
"DC_COUNTRY_CODE_THREE":"CPV",
"DC_COUNTRY_DIAL_CODE":"+238",
"DC_COUNTRY_NAME":"Cape Verde",
"DC_CURRENCY_NUMERIC":"132",
"DC_ISO":"132",
"DB_MULTIPLE_FORMAT":"0",
"DC_NATIONALITY":"Cabo Verdean",
"DC_PHONE_FORMAT":"3:4",
"DN_TOTAL_NUMBER":7,
"DB_ACTIVE":"0"
},
{ 
"DN_COUNTRY_ID":40,
"DC_COUNTRY_CODE":"KY",
"DC_COUNTRY_CODE_THREE":"CYM",
"DC_COUNTRY_DIAL_CODE":"+1",
"DC_COUNTRY_NAME":"Cayman Islands",
"DC_CURRENCY_NUMERIC":"136",
"DC_ISO":"136",
"DB_MULTIPLE_FORMAT":"0",
"DC_NATIONALITY":"Caymanian",
"DC_PHONE_FORMAT":"3:3:4",
"DN_TOTAL_NUMBER":10,
"DB_ACTIVE":"0"
},
{ 
"DN_COUNTRY_ID":41,
"DC_COUNTRY_CODE":"CF",
"DC_COUNTRY_CODE_THREE":"CAF",
"DC_COUNTRY_DIAL_CODE":"+236",
"DC_COUNTRY_NAME":"Central African Republic",
"DC_CURRENCY_NUMERIC":"950",
"DC_ISO":"140",
"DB_MULTIPLE_FORMAT":"0",
"DC_NATIONALITY":"Central African",
"DC_PHONE_FORMAT":"4:4",
"DN_TOTAL_NUMBER":8,
"DB_ACTIVE":"0"
},
{ 
"DN_COUNTRY_ID":42,
"DC_COUNTRY_CODE":"TD",
"DC_COUNTRY_CODE_THREE":"TCD",
"DC_COUNTRY_DIAL_CODE":"+235",
"DC_COUNTRY_NAME":"Chad",
"DC_CURRENCY_NUMERIC":"950",
"DC_ISO":"148",
"DB_MULTIPLE_FORMAT":"0",
"DC_NATIONALITY":"Chadian",
"DC_PHONE_FORMAT":"2:2:2:2",
"DN_TOTAL_NUMBER":8,
"DB_ACTIVE":"0"
},
{ 
"DN_COUNTRY_ID":43,
"DC_COUNTRY_CODE":"CL",
"DC_COUNTRY_CODE_THREE":"CHL",
"DC_COUNTRY_DIAL_CODE":"+56",
"DC_COUNTRY_NAME":"Chile",
"DC_CURRENCY_NUMERIC":"152",
"DC_ISO":"152",
"DB_MULTIPLE_FORMAT":"0",
"DC_NATIONALITY":"Chilean",
"DC_PHONE_FORMAT":"3:3:3",
"DN_TOTAL_NUMBER":9,
"DB_ACTIVE":"0"
},
{ 
"DN_COUNTRY_ID":44,
"DC_COUNTRY_CODE":"CN",
"DC_COUNTRY_CODE_THREE":"CHN",
"DC_COUNTRY_DIAL_CODE":"+86",
"DC_COUNTRY_NAME":"China",
"DC_CURRENCY_NUMERIC":"156",
"DC_ISO":"156",
"DB_MULTIPLE_FORMAT":"0",
"DC_NATIONALITY":"Chinese",
"DC_PHONE_FORMAT":"3:4:4",
"DN_TOTAL_NUMBER":11,
"DB_ACTIVE":"0"
},
{ 
"DN_COUNTRY_ID":45,
"DC_COUNTRY_CODE":"CX",
"DC_COUNTRY_CODE_THREE":"CXR",
"DC_COUNTRY_DIAL_CODE":"+61",
"DC_COUNTRY_NAME":"Christmas Island",
"DC_CURRENCY_NUMERIC":"036",
"DC_ISO":"162",
"DB_MULTIPLE_FORMAT":"0",
"DC_NATIONALITY":"Christmas Island",
"DC_PHONE_FORMAT":"1:4:4",
"DN_TOTAL_NUMBER":9,
"DB_ACTIVE":"0"
},
{ 
"DN_COUNTRY_ID":46,
"DC_COUNTRY_CODE":"CC",
"DC_COUNTRY_CODE_THREE":"CCK",
"DC_COUNTRY_DIAL_CODE":"+61",
"DC_COUNTRY_NAME":"Cocos (Keeling) Islands",
"DC_CURRENCY_NUMERIC":"036",
"DC_ISO":"166",
"DB_MULTIPLE_FORMAT":"0",
"DC_NATIONALITY":"Cocos Island",
"DC_PHONE_FORMAT":"1:4:4",
"DN_TOTAL_NUMBER":9,
"DB_ACTIVE":"0"
},
{ 
"DN_COUNTRY_ID":47,
"DC_COUNTRY_CODE":"CO",
"DC_COUNTRY_CODE_THREE":"COL",
"DC_COUNTRY_DIAL_CODE":"+57",
"DC_COUNTRY_NAME":"Colombia",
"DC_CURRENCY_NUMERIC":"170",
"DC_ISO":"170",
"DB_MULTIPLE_FORMAT":"0",
"DC_NATIONALITY":"Columbian",
"DC_PHONE_FORMAT":"3:3:4",
"DN_TOTAL_NUMBER":10,
"DB_ACTIVE":"0"
},
{ 
"DN_COUNTRY_ID":48,
"DC_COUNTRY_CODE":"KM",
"DC_COUNTRY_CODE_THREE":"COM",
"DC_COUNTRY_DIAL_CODE":"+269",
"DC_COUNTRY_NAME":"Comoros",
"DC_CURRENCY_NUMERIC":"174",
"DC_ISO":"174",
"DB_MULTIPLE_FORMAT":"0",
"DC_NATIONALITY":"Comoran, Comorian",
"DC_PHONE_FORMAT":"3:4",
"DN_TOTAL_NUMBER":7,
"DB_ACTIVE":"0"
},
{ 
"DN_COUNTRY_ID":49,
"DC_COUNTRY_CODE":"CG",
"DC_COUNTRY_CODE_THREE":"COG",
"DC_COUNTRY_DIAL_CODE":"+242",
"DC_COUNTRY_NAME":"Republic Of The Congo",
"DC_CURRENCY_NUMERIC":"950",
"DC_ISO":"178",
"DB_MULTIPLE_FORMAT":"0",
"DC_NATIONALITY":"Congolese",
"DC_PHONE_FORMAT":"2:2:5",
"DN_TOTAL_NUMBER":9,
"DB_ACTIVE":"0"
},
{ 
"DN_COUNTRY_ID":50,
"DC_COUNTRY_CODE":"CD",
"DC_COUNTRY_CODE_THREE":"COD",
"DC_COUNTRY_DIAL_CODE":"+243",
"DC_COUNTRY_NAME":"Democratic Republic Of The Congo",
"DC_CURRENCY_NUMERIC":"976",
"DC_ISO":"180",
"DB_MULTIPLE_FORMAT":"0",
"DC_NATIONALITY":"Congolese",
"DC_PHONE_FORMAT":"1:3:2:2",
"DN_TOTAL_NUMBER":8,
"DB_ACTIVE":"0"
},
{ 
"DN_COUNTRY_ID":51,
"DC_COUNTRY_CODE":"CK",
"DC_COUNTRY_CODE_THREE":"COK",
"DC_COUNTRY_DIAL_CODE":"+682",
"DC_COUNTRY_NAME":"Cook Islands",
"DC_CURRENCY_NUMERIC":"554",
"DC_ISO":"184",
"DB_MULTIPLE_FORMAT":"0",
"DC_NATIONALITY":"Cook Island",
"DC_PHONE_FORMAT":"2:3",
"DN_TOTAL_NUMBER":5,
"DB_ACTIVE":"0"
},
{ 
"DN_COUNTRY_ID":52,
"DC_COUNTRY_CODE":"CR",
"DC_COUNTRY_CODE_THREE":"CRI",
"DC_COUNTRY_DIAL_CODE":"+506",
"DC_COUNTRY_NAME":"Costa Rica",
"DC_CURRENCY_NUMERIC":"188",
"DC_ISO":"188",
"DB_MULTIPLE_FORMAT":"0",
"DC_NATIONALITY":"Costa Rican",
"DC_PHONE_FORMAT":"4:4",
"DN_TOTAL_NUMBER":8,
"DB_ACTIVE":"0"
},
{ 
"DN_COUNTRY_ID":53,
"DC_COUNTRY_CODE":"CI",
"DC_COUNTRY_CODE_THREE":"CIV",
"DC_COUNTRY_DIAL_CODE":"+225",
"DC_COUNTRY_NAME":"Cote D'Ivoire (Ivory Coast)",
"DC_CURRENCY_NUMERIC":"952",
"DC_ISO":"384",
"DB_MULTIPLE_FORMAT":"0",
"DC_NATIONALITY":"Ivorian",
"DC_PHONE_FORMAT":"2:6",
"DN_TOTAL_NUMBER":8,
"DB_ACTIVE":"0"
},
{ 
"DN_COUNTRY_ID":54,
"DC_COUNTRY_CODE":"HR",
"DC_COUNTRY_CODE_THREE":"HRV",
"DC_COUNTRY_DIAL_CODE":"+385",
"DC_COUNTRY_NAME":"Croatia (Hrvatska)",
"DC_CURRENCY_NUMERIC":"191",
"DC_ISO":"191",
"DB_MULTIPLE_FORMAT":"0",
"DC_NATIONALITY":"Croatian",
"DC_PHONE_FORMAT":"2:3:4",
"DN_TOTAL_NUMBER":9,
"DB_ACTIVE":"0"
},
{ 
"DN_COUNTRY_ID":55,
"DC_COUNTRY_CODE":"CU",
"DC_COUNTRY_CODE_THREE":"CUB",
"DC_COUNTRY_DIAL_CODE":"+53",
"DC_COUNTRY_NAME":"Cuba",
"DC_CURRENCY_NUMERIC":"192",
"DC_ISO":"192",
"DB_MULTIPLE_FORMAT":"0",
"DC_NATIONALITY":"Cuban",
"DC_PHONE_FORMAT":"4:4",
"DN_TOTAL_NUMBER":8,
"DB_ACTIVE":"0"
},
{ 
"DN_COUNTRY_ID":56,
"DC_COUNTRY_CODE":"CY",
"DC_COUNTRY_CODE_THREE":"CYP",
"DC_COUNTRY_DIAL_CODE":"+357",
"DC_COUNTRY_NAME":"Cyprus",
"DC_CURRENCY_NUMERIC":"978",
"DC_ISO":"196",
"DB_MULTIPLE_FORMAT":"0",
"DC_NATIONALITY":"Cypriot",
"DC_PHONE_FORMAT":"2:6",
"DN_TOTAL_NUMBER":8,
"DB_ACTIVE":"0"
},
{ 
"DN_COUNTRY_ID":57,
"DC_COUNTRY_CODE":"CZ",
"DC_COUNTRY_CODE_THREE":"CZE",
"DC_COUNTRY_DIAL_CODE":"+420",
"DC_COUNTRY_NAME":"Czech Republic",
"DC_CURRENCY_NUMERIC":"203",
"DC_ISO":"203",
"DB_MULTIPLE_FORMAT":"0",
"DC_NATIONALITY":"Czech",
"DC_PHONE_FORMAT":"3:3:3",
"DN_TOTAL_NUMBER":9,
"DB_ACTIVE":"0"
},
{ 
"DN_COUNTRY_ID":58,
"DC_COUNTRY_CODE":"DK",
"DC_COUNTRY_CODE_THREE":"DNK",
"DC_COUNTRY_DIAL_CODE":"+45",
"DC_COUNTRY_NAME":"Denmark",
"DC_CURRENCY_NUMERIC":"208",
"DC_ISO":"208",
"DB_MULTIPLE_FORMAT":"0",
"DC_NATIONALITY":"Danish",
"DC_PHONE_FORMAT":"2:2:2:2",
"DN_TOTAL_NUMBER":8,
"DB_ACTIVE":"0"
},
{ 
"DN_COUNTRY_ID":59,
"DC_COUNTRY_CODE":"DJ",
"DC_COUNTRY_CODE_THREE":"DJI",
"DC_COUNTRY_DIAL_CODE":"+253",
"DC_COUNTRY_NAME":"Djibouti",
"DC_CURRENCY_NUMERIC":"262",
"DC_ISO":"262",
"DB_MULTIPLE_FORMAT":"1",
"DC_NATIONALITY":"Djiboutian",
"DC_PHONE_FORMAT":null,
"DN_TOTAL_NUMBER":8,
"DB_ACTIVE":"0"
},
{ 
"DN_COUNTRY_ID":60,
"DC_COUNTRY_CODE":"DM",
"DC_COUNTRY_CODE_THREE":"DMA",
"DC_COUNTRY_DIAL_CODE":"+1",
"DC_COUNTRY_NAME":"Dominica",
"DC_CURRENCY_NUMERIC":"951",
"DC_ISO":"212",
"DB_MULTIPLE_FORMAT":"0",
"DC_NATIONALITY":"Dominican",
"DC_PHONE_FORMAT":"3:3:4",
"DN_TOTAL_NUMBER":10,
"DB_ACTIVE":"0"
},
{ 
"DN_COUNTRY_ID":61,
"DC_COUNTRY_CODE":"DO",
"DC_COUNTRY_CODE_THREE":"DOM",
"DC_COUNTRY_DIAL_CODE":"+1",
"DC_COUNTRY_NAME":"Dominican Republic",
"DC_CURRENCY_NUMERIC":"214",
"DC_ISO":"214",
"DB_MULTIPLE_FORMAT":"0",
"DC_NATIONALITY":"Dominican",
"DC_PHONE_FORMAT":"3:3:4",
"DN_TOTAL_NUMBER":10,
"DB_ACTIVE":"0"
},
{ 
"DN_COUNTRY_ID":62,
"DC_COUNTRY_CODE":"TL",
"DC_COUNTRY_CODE_THREE":"TLS",
"DC_COUNTRY_DIAL_CODE":"+670",
"DC_COUNTRY_NAME":"East Timor",
"DC_CURRENCY_NUMERIC":"840",
"DC_ISO":"626",
"DB_MULTIPLE_FORMAT":"1",
"DC_NATIONALITY":"Timorese",
"DC_PHONE_FORMAT":null,
"DN_TOTAL_NUMBER":8,
"DB_ACTIVE":"0"
},
{ 
"DN_COUNTRY_ID":63,
"DC_COUNTRY_CODE":"EC",
"DC_COUNTRY_CODE_THREE":"ECU",
"DC_COUNTRY_DIAL_CODE":"+593",
"DC_COUNTRY_NAME":"Ecuador",
"DC_CURRENCY_NUMERIC":"840",
"DC_ISO":"218",
"DB_MULTIPLE_FORMAT":"0",
"DC_NATIONALITY":"Ecuadorean",
"DC_PHONE_FORMAT":"1:4:4",
"DN_TOTAL_NUMBER":9,
"DB_ACTIVE":"0"
},
{ 
"DN_COUNTRY_ID":64,
"DC_COUNTRY_CODE":"EG",
"DC_COUNTRY_CODE_THREE":"EGY",
"DC_COUNTRY_DIAL_CODE":"+20",
"DC_COUNTRY_NAME":"Egypt",
"DC_CURRENCY_NUMERIC":"818",
"DC_ISO":"818",
"DB_MULTIPLE_FORMAT":"0",
"DC_NATIONALITY":"Egyptian",
"DC_PHONE_FORMAT":"2:4:4",
"DN_TOTAL_NUMBER":10,
"DB_ACTIVE":"0"
},
{ 
"DN_COUNTRY_ID":65,
"DC_COUNTRY_CODE":"SV",
"DC_COUNTRY_CODE_THREE":"SLV",
"DC_COUNTRY_DIAL_CODE":"+503",
"DC_COUNTRY_NAME":"El Salvador",
"DC_CURRENCY_NUMERIC":"840",
"DC_ISO":"222",
"DB_MULTIPLE_FORMAT":"1",
"DC_NATIONALITY":"Salvadoran",
"DC_PHONE_FORMAT":null,
"DN_TOTAL_NUMBER":8,
"DB_ACTIVE":"0"
},
{ 
"DN_COUNTRY_ID":66,
"DC_COUNTRY_CODE":"GQ",
"DC_COUNTRY_CODE_THREE":"GNQ",
"DC_COUNTRY_DIAL_CODE":"+240",
"DC_COUNTRY_NAME":"Equatorial Guinea",
"DC_CURRENCY_NUMERIC":"950",
"DC_ISO":"226",
"DB_MULTIPLE_FORMAT":"0",
"DC_NATIONALITY":"Equatorial Guinean, Equatoguinean",
"DC_PHONE_FORMAT":"2:3:4",
"DN_TOTAL_NUMBER":9,
"DB_ACTIVE":"0"
},
{ 
"DN_COUNTRY_ID":67,
"DC_COUNTRY_CODE":"ER",
"DC_COUNTRY_CODE_THREE":"ERI",
"DC_COUNTRY_DIAL_CODE":"+291",
"DC_COUNTRY_NAME":"Eritrea",
"DC_CURRENCY_NUMERIC":"232",
"DC_ISO":"232",
"DB_MULTIPLE_FORMAT":"0",
"DC_NATIONALITY":"Eritrean",
"DC_PHONE_FORMAT":"1:3:3",
"DN_TOTAL_NUMBER":7,
"DB_ACTIVE":"0"
},
{ 
"DN_COUNTRY_ID":68,
"DC_COUNTRY_CODE":"EE",
"DC_COUNTRY_CODE_THREE":"EST",
"DC_COUNTRY_DIAL_CODE":"+372",
"DC_COUNTRY_NAME":"Estonia",
"DC_CURRENCY_NUMERIC":"978",
"DC_ISO":"233",
"DB_MULTIPLE_FORMAT":"1",
"DC_NATIONALITY":"Estonian",
"DC_PHONE_FORMAT":null,
"DN_TOTAL_NUMBER":10,
"DB_ACTIVE":"0"
},
{ 
"DN_COUNTRY_ID":69,
"DC_COUNTRY_CODE":"ET",
"DC_COUNTRY_CODE_THREE":"ETH",
"DC_COUNTRY_DIAL_CODE":"+251",
"DC_COUNTRY_NAME":"Ethiopia",
"DC_CURRENCY_NUMERIC":"230",
"DC_ISO":"231",
"DB_MULTIPLE_FORMAT":"0",
"DC_NATIONALITY":"Ethiopian",
"DC_PHONE_FORMAT":"2:3:4",
"DN_TOTAL_NUMBER":9,
"DB_ACTIVE":"0"
},
{ 
"DN_COUNTRY_ID":71,
"DC_COUNTRY_CODE":"FK",
"DC_COUNTRY_CODE_THREE":"FLK",
"DC_COUNTRY_DIAL_CODE":"+500",
"DC_COUNTRY_NAME":"Falkland Islands",
"DC_CURRENCY_NUMERIC":"238",
"DC_ISO":"238",
"DB_MULTIPLE_FORMAT":"1",
"DC_NATIONALITY":"Falkland Island",
"DC_PHONE_FORMAT":null,
"DN_TOTAL_NUMBER":5,
"DB_ACTIVE":"0"
},
{ 
"DN_COUNTRY_ID":72,
"DC_COUNTRY_CODE":"FO",
"DC_COUNTRY_CODE_THREE":"FRO",
"DC_COUNTRY_DIAL_CODE":"+298",
"DC_COUNTRY_NAME":"Faroe Islands",
"DC_CURRENCY_NUMERIC":"208",
"DC_ISO":"208",
"DB_MULTIPLE_FORMAT":"1",
"DC_NATIONALITY":"Faroese",
"DC_PHONE_FORMAT":null,
"DN_TOTAL_NUMBER":6,
"DB_ACTIVE":"0"
},
{ 
"DN_COUNTRY_ID":73,
"DC_COUNTRY_CODE":"FJ",
"DC_COUNTRY_CODE_THREE":"FJI",
"DC_COUNTRY_DIAL_CODE":"+679",
"DC_COUNTRY_NAME":"Fiji Islands",
"DC_CURRENCY_NUMERIC":"242",
"DC_ISO":"242",
"DB_MULTIPLE_FORMAT":"0",
"DC_NATIONALITY":"Fijian",
"DC_PHONE_FORMAT":"3:4",
"DN_TOTAL_NUMBER":7,
"DB_ACTIVE":"0"
},
{ 
"DN_COUNTRY_ID":74,
"DC_COUNTRY_CODE":"FI",
"DC_COUNTRY_CODE_THREE":"FIN",
"DC_COUNTRY_DIAL_CODE":"+358",
"DC_COUNTRY_NAME":"Finland",
"DC_CURRENCY_NUMERIC":"978",
"DC_ISO":"246",
"DB_MULTIPLE_FORMAT":"1",
"DC_NATIONALITY":"Finnish",
"DC_PHONE_FORMAT":null,
"DN_TOTAL_NUMBER":12,
"DB_ACTIVE":"0"
},
{ 
"DN_COUNTRY_ID":75,
"DC_COUNTRY_CODE":"FR",
"DC_COUNTRY_CODE_THREE":"FRA",
"DC_COUNTRY_DIAL_CODE":"+33",
"DC_COUNTRY_NAME":"France",
"DC_CURRENCY_NUMERIC":"978",
"DC_ISO":"250",
"DB_MULTIPLE_FORMAT":"0",
"DC_NATIONALITY":"French",
"DC_PHONE_FORMAT":"1:2:2:2:2",
"DN_TOTAL_NUMBER":9,
"DB_ACTIVE":"0"
},
{ 
"DN_COUNTRY_ID":76,
"DC_COUNTRY_CODE":"GF",
"DC_COUNTRY_CODE_THREE":"GUF",
"DC_COUNTRY_DIAL_CODE":"+594",
"DC_COUNTRY_NAME":"French Guiana",
"DC_CURRENCY_NUMERIC":"978",
"DC_ISO":"254",
"DB_MULTIPLE_FORMAT":"0",
"DC_NATIONALITY":"French Guianese",
"DC_PHONE_FORMAT":"1:2:2:2:2",
"DN_TOTAL_NUMBER":9,
"DB_ACTIVE":"0"
},
{ 
"DN_COUNTRY_ID":77,
"DC_COUNTRY_CODE":"PF",
"DC_COUNTRY_CODE_THREE":"PYF",
"DC_COUNTRY_DIAL_CODE":"+689",
"DC_COUNTRY_NAME":"French Polynesia",
"DC_CURRENCY_NUMERIC":"953",
"DC_ISO":"258",
"DB_MULTIPLE_FORMAT":"1",
"DC_NATIONALITY":"French Polynesian",
"DC_PHONE_FORMAT":null,
"DN_TOTAL_NUMBER":8,
"DB_ACTIVE":"0"
},
{ 
"DN_COUNTRY_ID":78,
"DC_COUNTRY_CODE":"TF",
"DC_COUNTRY_CODE_THREE":"ATF",
"DC_COUNTRY_DIAL_CODE":"+262",
"DC_COUNTRY_NAME":"French Southern Territories",
"DC_CURRENCY_NUMERIC":"978",
"DC_ISO":"260",
"DB_MULTIPLE_FORMAT":"1",
"DC_NATIONALITY":"French Southern Territories",
"DC_PHONE_FORMAT":null,
"DN_TOTAL_NUMBER":9,
"DB_ACTIVE":"0"
},
{ 
"DN_COUNTRY_ID":79,
"DC_COUNTRY_CODE":"GA",
"DC_COUNTRY_CODE_THREE":"GAB",
"DC_COUNTRY_DIAL_CODE":"+241",
"DC_COUNTRY_NAME":"Gabon",
"DC_CURRENCY_NUMERIC":"950",
"DC_ISO":"266",
"DB_MULTIPLE_FORMAT":"1",
"DC_NATIONALITY":"Gabonese",
"DC_PHONE_FORMAT":null,
"DN_TOTAL_NUMBER":7,
"DB_ACTIVE":"0"
},
{ 
"DN_COUNTRY_ID":80,
"DC_COUNTRY_CODE":"GM",
"DC_COUNTRY_CODE_THREE":"GMB",
"DC_COUNTRY_DIAL_CODE":"+220",
"DC_COUNTRY_NAME":"Gambia The",
"DC_CURRENCY_NUMERIC":"270",
"DC_ISO":"270",
"DB_MULTIPLE_FORMAT":"0",
"DC_NATIONALITY":"Gambian",
"DC_PHONE_FORMAT":"3:4",
"DN_TOTAL_NUMBER":7,
"DB_ACTIVE":"0"
},
{ 
"DN_COUNTRY_ID":81,
"DC_COUNTRY_CODE":"GE",
"DC_COUNTRY_CODE_THREE":"GEO",
"DC_COUNTRY_DIAL_CODE":"+995",
"DC_COUNTRY_NAME":"Georgia",
"DC_CURRENCY_NUMERIC":"981",
"DC_ISO":"268",
"DB_MULTIPLE_FORMAT":"0",
"DC_NATIONALITY":"Georgian",
"DC_PHONE_FORMAT":"3:3:3",
"DN_TOTAL_NUMBER":9,
"DB_ACTIVE":"0"
},
{ 
"DN_COUNTRY_ID":82,
"DC_COUNTRY_CODE":"DE",
"DC_COUNTRY_CODE_THREE":"DEU",
"DC_COUNTRY_DIAL_CODE":"+49",
"DC_COUNTRY_NAME":"Germany",
"DC_CURRENCY_NUMERIC":"978",
"DC_ISO":"276",
"DB_MULTIPLE_FORMAT":"1",
"DC_NATIONALITY":"German",
"DC_PHONE_FORMAT":null,
"DN_TOTAL_NUMBER":12,
"DB_ACTIVE":"0"
},
{ 
"DN_COUNTRY_ID":83,
"DC_COUNTRY_CODE":"GH",
"DC_COUNTRY_CODE_THREE":"GHA",
"DC_COUNTRY_DIAL_CODE":"+233",
"DC_COUNTRY_NAME":"Ghana",
"DC_CURRENCY_NUMERIC":"936",
"DC_ISO":"288",
"DB_MULTIPLE_FORMAT":"0",
"DC_NATIONALITY":"Ghanaian",
"DC_PHONE_FORMAT":"2:3:4",
"DN_TOTAL_NUMBER":9,
"DB_ACTIVE":"0"
},
{ 
"DN_COUNTRY_ID":84,
"DC_COUNTRY_CODE":"GI",
"DC_COUNTRY_CODE_THREE":"GIB",
"DC_COUNTRY_DIAL_CODE":"+350",
"DC_COUNTRY_NAME":"Gibraltar",
"DC_CURRENCY_NUMERIC":"292",
"DC_ISO":"292",
"DB_MULTIPLE_FORMAT":"1",
"DC_NATIONALITY":"Gibraltar",
"DC_PHONE_FORMAT":null,
"DN_TOTAL_NUMBER":8,
"DB_ACTIVE":"0"
},
{ 
"DN_COUNTRY_ID":85,
"DC_COUNTRY_CODE":"GR",
"DC_COUNTRY_CODE_THREE":"GRC",
"DC_COUNTRY_DIAL_CODE":"+30",
"DC_COUNTRY_NAME":"Greece",
"DC_CURRENCY_NUMERIC":"978",
"DC_ISO":"300",
"DB_MULTIPLE_FORMAT":"1",
"DC_NATIONALITY":"Greek",
"DC_PHONE_FORMAT":null,
"DN_TOTAL_NUMBER":10,
"DB_ACTIVE":"0"
},
{ 
"DN_COUNTRY_ID":86,
"DC_COUNTRY_CODE":"GL",
"DC_COUNTRY_CODE_THREE":"GRL",
"DC_COUNTRY_DIAL_CODE":"+299",
"DC_COUNTRY_NAME":"Greenland",
"DC_CURRENCY_NUMERIC":"208",
"DC_ISO":"304",
"DB_MULTIPLE_FORMAT":"0",
"DC_NATIONALITY":"Greenlandic",
"DC_PHONE_FORMAT":"2:2:2",
"DN_TOTAL_NUMBER":6,
"DB_ACTIVE":"0"
},
{ 
"DN_COUNTRY_ID":87,
"DC_COUNTRY_CODE":"GD",
"DC_COUNTRY_CODE_THREE":"GRD",
"DC_COUNTRY_DIAL_CODE":"+1",
"DC_COUNTRY_NAME":"Grenada",
"DC_CURRENCY_NUMERIC":"951",
"DC_ISO":"308",
"DB_MULTIPLE_FORMAT":"0",
"DC_NATIONALITY":"Grenadian",
"DC_PHONE_FORMAT":"3:3:4",
"DN_TOTAL_NUMBER":10,
"DB_ACTIVE":"0"
},
{ 
"DN_COUNTRY_ID":88,
"DC_COUNTRY_CODE":"GP",
"DC_COUNTRY_CODE_THREE":"GLP",
"DC_COUNTRY_DIAL_CODE":"+590",
"DC_COUNTRY_NAME":"Guadeloupe",
"DC_CURRENCY_NUMERIC":"978",
"DC_ISO":"312",
"DB_MULTIPLE_FORMAT":"1",
"DC_NATIONALITY":"Guadeloupe",
"DC_PHONE_FORMAT":null,
"DN_TOTAL_NUMBER":12,
"DB_ACTIVE":"0"
},
{ 
"DN_COUNTRY_ID":89,
"DC_COUNTRY_CODE":"GU",
"DC_COUNTRY_CODE_THREE":"GUM",
"DC_COUNTRY_DIAL_CODE":"+1",
"DC_COUNTRY_NAME":"Guam",
"DC_CURRENCY_NUMERIC":"840",
"DC_ISO":"316",
"DB_MULTIPLE_FORMAT":"1",
"DC_NATIONALITY":"Guamanian, Guambat",
"DC_PHONE_FORMAT":null,
"DN_TOTAL_NUMBER":7,
"DB_ACTIVE":"0"
},
{ 
"DN_COUNTRY_ID":90,
"DC_COUNTRY_CODE":"GT",
"DC_COUNTRY_CODE_THREE":"GTM",
"DC_COUNTRY_DIAL_CODE":"+502",
"DC_COUNTRY_NAME":"Guatemala",
"DC_CURRENCY_NUMERIC":"320",
"DC_ISO":"320",
"DB_MULTIPLE_FORMAT":"1",
"DC_NATIONALITY":"Guatemalan",
"DC_PHONE_FORMAT":null,
"DN_TOTAL_NUMBER":8,
"DB_ACTIVE":"0"
},
{ 
"DN_COUNTRY_ID":91,
"DC_COUNTRY_CODE":"GG",
"DC_COUNTRY_CODE_THREE":"XGG",
"DC_COUNTRY_DIAL_CODE":"+44",
"DC_COUNTRY_NAME":"Guernsey",
"DC_CURRENCY_NUMERIC":"826",
"DC_ISO":"826",
"DB_MULTIPLE_FORMAT":"0",
"DC_NATIONALITY":"Channel Island",
"DC_PHONE_FORMAT":"4:6",
"DN_TOTAL_NUMBER":10,
"DB_ACTIVE":"0"
},
{ 
"DN_COUNTRY_ID":92,
"DC_COUNTRY_CODE":"GN",
"DC_COUNTRY_CODE_THREE":"GIN",
"DC_COUNTRY_DIAL_CODE":"+224",
"DC_COUNTRY_NAME":"Guinea",
"DC_CURRENCY_NUMERIC":"324",
"DC_ISO":"324",
"DB_MULTIPLE_FORMAT":"0",
"DC_NATIONALITY":"Guinean",
"DC_PHONE_FORMAT":"1:3:4",
"DN_TOTAL_NUMBER":8,
"DB_ACTIVE":"0"
},
{ 
"DN_COUNTRY_ID":93,
"DC_COUNTRY_CODE":"GW",
"DC_COUNTRY_CODE_THREE":"GNB",
"DC_COUNTRY_DIAL_CODE":"+245",
"DC_COUNTRY_NAME":"Guinea-Bissau",
"DC_CURRENCY_NUMERIC":"952",
"DC_ISO":"624",
"DB_MULTIPLE_FORMAT":"1",
"DC_NATIONALITY":"Bissau-Guinean",
"DC_PHONE_FORMAT":null,
"DN_TOTAL_NUMBER":7,
"DB_ACTIVE":"0"
},
{ 
"DN_COUNTRY_ID":94,
"DC_COUNTRY_CODE":"GY",
"DC_COUNTRY_CODE_THREE":"GUY",
"DC_COUNTRY_DIAL_CODE":"+595",
"DC_COUNTRY_NAME":"Guyana",
"DC_CURRENCY_NUMERIC":"328",
"DC_ISO":"328",
"DB_MULTIPLE_FORMAT":"0",
"DC_NATIONALITY":"Guyanese",
"DC_PHONE_FORMAT":"3:4",
"DN_TOTAL_NUMBER":7,
"DB_ACTIVE":"0"
},
{ 
"DN_COUNTRY_ID":95,
"DC_COUNTRY_CODE":"HT",
"DC_COUNTRY_CODE_THREE":"HTI",
"DC_COUNTRY_DIAL_CODE":"+509",
"DC_COUNTRY_NAME":"Haiti",
"DC_CURRENCY_NUMERIC":"332",
"DC_ISO":"332",
"DB_MULTIPLE_FORMAT":"0",
"DC_NATIONALITY":"Haitian",
"DC_PHONE_FORMAT":"4:4",
"DN_TOTAL_NUMBER":8,
"DB_ACTIVE":"0"
},
{ 
"DN_COUNTRY_ID":96,
"DC_COUNTRY_CODE":"HM",
"DC_COUNTRY_CODE_THREE":"HMD",
"DC_COUNTRY_DIAL_CODE":"+0",
"DC_COUNTRY_NAME":"Heard and McDonald Islands",
"DC_CURRENCY_NUMERIC":"332",
"DC_ISO":"334",
"DB_MULTIPLE_FORMAT":"1",
"DC_NATIONALITY":"Heard Island or McDonald Islands",
"DC_PHONE_FORMAT":null,
"DN_TOTAL_NUMBER":10,
"DB_ACTIVE":"0"
},
{ 
"DN_COUNTRY_ID":97,
"DC_COUNTRY_CODE":"HN",
"DC_COUNTRY_CODE_THREE":"HND",
"DC_COUNTRY_DIAL_CODE":"+504",
"DC_COUNTRY_NAME":"Honduras",
"DC_CURRENCY_NUMERIC":"340",
"DC_ISO":"340",
"DB_MULTIPLE_FORMAT":"1",
"DC_NATIONALITY":"Honduran",
"DC_PHONE_FORMAT":null,
"DN_TOTAL_NUMBER":9,
"DB_ACTIVE":"0"
},
{ 
"DN_COUNTRY_ID":98,
"DC_COUNTRY_CODE":"HK",
"DC_COUNTRY_CODE_THREE":"HKG",
"DC_COUNTRY_DIAL_CODE":"+852",
"DC_COUNTRY_NAME":"Hong Kong S.A.R.",
"DC_CURRENCY_NUMERIC":"344",
"DC_ISO":"344",
"DB_MULTIPLE_FORMAT":"0",
"DC_NATIONALITY":"Hong Kong, Hong Kongese",
"DC_PHONE_FORMAT":"4:4",
"DN_TOTAL_NUMBER":8,
"DB_ACTIVE":"0"
},
{ 
"DN_COUNTRY_ID":99,
"DC_COUNTRY_CODE":"HU",
"DC_COUNTRY_CODE_THREE":"HUN",
"DC_COUNTRY_DIAL_CODE":"+36",
"DC_COUNTRY_NAME":"Hungary",
"DC_CURRENCY_NUMERIC":"348",
"DC_ISO":"348",
"DB_MULTIPLE_FORMAT":"1",
"DC_NATIONALITY":"Hungarian",
"DC_PHONE_FORMAT":null,
"DN_TOTAL_NUMBER":9,
"DB_ACTIVE":"0"
},
{ 
"DN_COUNTRY_ID":100,
"DC_COUNTRY_CODE":"IS",
"DC_COUNTRY_CODE_THREE":"ISL",
"DC_COUNTRY_DIAL_CODE":"+354",
"DC_COUNTRY_NAME":"Iceland",
"DC_CURRENCY_NUMERIC":"352",
"DC_ISO":"352",
"DB_MULTIPLE_FORMAT":"0",
"DC_NATIONALITY":"Icelander",
"DC_PHONE_FORMAT":"3:4",
"DN_TOTAL_NUMBER":7,
"DB_ACTIVE":"0"
},
{ 
"DN_COUNTRY_ID":101,
"DC_COUNTRY_CODE":"IN",
"DC_COUNTRY_CODE_THREE":"IND",
"DC_COUNTRY_DIAL_CODE":"+91",
"DC_COUNTRY_NAME":"India",
"DC_CURRENCY_NUMERIC":"356",
"DC_ISO":"356",
"DB_MULTIPLE_FORMAT":"0",
"DC_NATIONALITY":"Indian",
"DC_PHONE_FORMAT":"5:5",
"DN_TOTAL_NUMBER":10,
"DB_ACTIVE":"1"
},
{ 
"DN_COUNTRY_ID":102,
"DC_COUNTRY_CODE":"ID",
"DC_COUNTRY_CODE_THREE":"IDN",
"DC_COUNTRY_DIAL_CODE":"+62",
"DC_COUNTRY_NAME":"Indonesia",
"DC_CURRENCY_NUMERIC":"360",
"DC_ISO":"360",
"DB_MULTIPLE_FORMAT":"1",
"DC_NATIONALITY":"Indonesian",
"DC_PHONE_FORMAT":null,
"DN_TOTAL_NUMBER":11,
"DB_ACTIVE":"0"
},
{ 
"DN_COUNTRY_ID":103,
"DC_COUNTRY_CODE":"IR",
"DC_COUNTRY_CODE_THREE":"IRN",
"DC_COUNTRY_DIAL_CODE":"+98",
"DC_COUNTRY_NAME":"Iran",
"DC_CURRENCY_NUMERIC":"364",
"DC_ISO":"364",
"DB_MULTIPLE_FORMAT":"1",
"DC_NATIONALITY":"Iranian",
"DC_PHONE_FORMAT":null,
"DN_TOTAL_NUMBER":10,
"DB_ACTIVE":"0"
},
{ 
"DN_COUNTRY_ID":104,
"DC_COUNTRY_CODE":"IQ",
"DC_COUNTRY_CODE_THREE":"IRQ",
"DC_COUNTRY_DIAL_CODE":"+964",
"DC_COUNTRY_NAME":"Iraq",
"DC_CURRENCY_NUMERIC":"368",
"DC_ISO":"368",
"DB_MULTIPLE_FORMAT":"0",
"DC_NATIONALITY":"Iraqi",
"DC_PHONE_FORMAT":"3:3:4",
"DN_TOTAL_NUMBER":10,
"DB_ACTIVE":"0"
},
{ 
"DN_COUNTRY_ID":105,
"DC_COUNTRY_CODE":"IE",
"DC_COUNTRY_CODE_THREE":"IRL",
"DC_COUNTRY_DIAL_CODE":"+353",
"DC_COUNTRY_NAME":"Ireland",
"DC_CURRENCY_NUMERIC":"978",
"DC_ISO":"372",
"DB_MULTIPLE_FORMAT":"1",
"DC_NATIONALITY":"Irish",
"DC_PHONE_FORMAT":null,
"DN_TOTAL_NUMBER":9,
"DB_ACTIVE":"0"
},
{ 
"DN_COUNTRY_ID":106,
"DC_COUNTRY_CODE":"IL",
"DC_COUNTRY_CODE_THREE":"ISR",
"DC_COUNTRY_DIAL_CODE":"+972",
"DC_COUNTRY_NAME":"Israel",
"DC_CURRENCY_NUMERIC":"376",
"DC_ISO":"376",
"DB_MULTIPLE_FORMAT":"1",
"DC_NATIONALITY":"Israeli",
"DC_PHONE_FORMAT":null,
"DN_TOTAL_NUMBER":9,
"DB_ACTIVE":"0"
},
{ 
"DN_COUNTRY_ID":107,
"DC_COUNTRY_CODE":"IT",
"DC_COUNTRY_CODE_THREE":"ITA",
"DC_COUNTRY_DIAL_CODE":"+39",
"DC_COUNTRY_NAME":"Italy",
"DC_CURRENCY_NUMERIC":"978",
"DC_ISO":"380",
"DB_MULTIPLE_FORMAT":"0",
"DC_NATIONALITY":"Italian",
"DC_PHONE_FORMAT":"3:3:4",
"DN_TOTAL_NUMBER":10,
"DB_ACTIVE":"0"
},
{ 
"DN_COUNTRY_ID":108,
"DC_COUNTRY_CODE":"JM",
"DC_COUNTRY_CODE_THREE":"JAM",
"DC_COUNTRY_DIAL_CODE":"+1",
"DC_COUNTRY_NAME":"Jamaica",
"DC_CURRENCY_NUMERIC":"388",
"DC_ISO":"388",
"DB_MULTIPLE_FORMAT":"0",
"DC_NATIONALITY":"Jamaican",
"DC_PHONE_FORMAT":"3:3:4",
"DN_TOTAL_NUMBER":10,
"DB_ACTIVE":"0"
},
{ 
"DN_COUNTRY_ID":109,
"DC_COUNTRY_CODE":"JP",
"DC_COUNTRY_CODE_THREE":"JPN",
"DC_COUNTRY_DIAL_CODE":"+81",
"DC_COUNTRY_NAME":"Japan",
"DC_CURRENCY_NUMERIC":"392",
"DC_ISO":"392",
"DB_MULTIPLE_FORMAT":"1",
"DC_NATIONALITY":"Japanese",
"DC_PHONE_FORMAT":null,
"DN_TOTAL_NUMBER":9,
"DB_ACTIVE":"0"
},
{ 
"DN_COUNTRY_ID":110,
"DC_COUNTRY_CODE":"JE",
"DC_COUNTRY_CODE_THREE":"XJE",
"DC_COUNTRY_DIAL_CODE":"+44",
"DC_COUNTRY_NAME":"Jersey",
"DC_CURRENCY_NUMERIC":"826",
"DC_ISO":"826",
"DB_MULTIPLE_FORMAT":"0",
"DC_NATIONALITY":"Channel Island",
"DC_PHONE_FORMAT":"4:6",
"DN_TOTAL_NUMBER":10,
"DB_ACTIVE":"0"
},
{ 
"DN_COUNTRY_ID":111,
"DC_COUNTRY_CODE":"JO",
"DC_COUNTRY_CODE_THREE":"JOR",
"DC_COUNTRY_DIAL_CODE":"+962",
"DC_COUNTRY_NAME":"Jordan",
"DC_CURRENCY_NUMERIC":"400",
"DC_ISO":"400",
"DB_MULTIPLE_FORMAT":"1",
"DC_NATIONALITY":"Jordanian",
"DC_PHONE_FORMAT":null,
"DN_TOTAL_NUMBER":9,
"DB_ACTIVE":"0"
},
{ 
"DN_COUNTRY_ID":112,
"DC_COUNTRY_CODE":"KZ",
"DC_COUNTRY_CODE_THREE":"KAZ",
"DC_COUNTRY_DIAL_CODE":"+7",
"DC_COUNTRY_NAME":"Kazakhstan",
"DC_CURRENCY_NUMERIC":"398",
"DC_ISO":"398",
"DB_MULTIPLE_FORMAT":"1",
"DC_NATIONALITY":"Kazakhstani",
"DC_PHONE_FORMAT":null,
"DN_TOTAL_NUMBER":10,
"DB_ACTIVE":"0"
},
{ 
"DN_COUNTRY_ID":113,
"DC_COUNTRY_CODE":"KE",
"DC_COUNTRY_CODE_THREE":"KEN",
"DC_COUNTRY_DIAL_CODE":"+254",
"DC_COUNTRY_NAME":"Kenya",
"DC_CURRENCY_NUMERIC":"404",
"DC_ISO":"404",
"DB_MULTIPLE_FORMAT":"0",
"DC_NATIONALITY":"Kenyan",
"DC_PHONE_FORMAT":"3:6",
"DN_TOTAL_NUMBER":9,
"DB_ACTIVE":"0"
},
{ 
"DN_COUNTRY_ID":114,
"DC_COUNTRY_CODE":"KI",
"DC_COUNTRY_CODE_THREE":"KIR",
"DC_COUNTRY_DIAL_CODE":"+686",
"DC_COUNTRY_NAME":"Kiribati",
"DC_CURRENCY_NUMERIC":"36",
"DC_ISO":"296",
"DB_MULTIPLE_FORMAT":"1",
"DC_NATIONALITY":"I-Kiribati",
"DC_PHONE_FORMAT":null,
"DN_TOTAL_NUMBER":8,
"DB_ACTIVE":"0"
},
{ 
"DN_COUNTRY_ID":115,
"DC_COUNTRY_CODE":"KP",
"DC_COUNTRY_CODE_THREE":"PRK",
"DC_COUNTRY_DIAL_CODE":"+850",
"DC_COUNTRY_NAME":"Korea North",
"DC_CURRENCY_NUMERIC":"408",
"DC_ISO":"408",
"DB_MULTIPLE_FORMAT":"1",
"DC_NATIONALITY":"North Korean",
"DC_PHONE_FORMAT":null,
"DN_TOTAL_NUMBER":10,
"DB_ACTIVE":"0"
},
{ 
"DN_COUNTRY_ID":116,
"DC_COUNTRY_CODE":"KR",
"DC_COUNTRY_CODE_THREE":"KOR",
"DC_COUNTRY_DIAL_CODE":"+82",
"DC_COUNTRY_NAME":"Korea South",
"DC_CURRENCY_NUMERIC":"410",
"DC_ISO":"410",
"DB_MULTIPLE_FORMAT":"0",
"DC_NATIONALITY":"South Korean",
"DC_PHONE_FORMAT":"2:4:4",
"DN_TOTAL_NUMBER":10,
"DB_ACTIVE":"0"
},
{ 
"DN_COUNTRY_ID":117,
"DC_COUNTRY_CODE":"KW",
"DC_COUNTRY_CODE_THREE":"KWT",
"DC_COUNTRY_DIAL_CODE":"+965",
"DC_COUNTRY_NAME":"Kuwait",
"DC_CURRENCY_NUMERIC":"414",
"DC_ISO":"414",
"DB_MULTIPLE_FORMAT":"1",
"DC_NATIONALITY":"Kuwaiti",
"DC_PHONE_FORMAT":null,
"DN_TOTAL_NUMBER":8,
"DB_ACTIVE":"0"
},
{ 
"DN_COUNTRY_ID":118,
"DC_COUNTRY_CODE":"KG",
"DC_COUNTRY_CODE_THREE":"KGZ",
"DC_COUNTRY_DIAL_CODE":"+996",
"DC_COUNTRY_NAME":"Kyrgyzstan",
"DC_CURRENCY_NUMERIC":"417",
"DC_ISO":"417",
"DB_MULTIPLE_FORMAT":"1",
"DC_NATIONALITY":"Kyrgyzstani, Kyrgyz, Kirgiz, Kirghiz",
"DC_PHONE_FORMAT":null,
"DN_TOTAL_NUMBER":9,
"DB_ACTIVE":"0"
},
{ 
"DN_COUNTRY_ID":119,
"DC_COUNTRY_CODE":"LA",
"DC_COUNTRY_CODE_THREE":"LAO",
"DC_COUNTRY_DIAL_CODE":"+856",
"DC_COUNTRY_NAME":"Laos",
"DC_CURRENCY_NUMERIC":"418",
"DC_ISO":"418",
"DB_MULTIPLE_FORMAT":"1",
"DC_NATIONALITY":"Lao, Laotian",
"DC_PHONE_FORMAT":null,
"DN_TOTAL_NUMBER":10,
"DB_ACTIVE":"0"
},
{ 
"DN_COUNTRY_ID":120,
"DC_COUNTRY_CODE":"LV",
"DC_COUNTRY_CODE_THREE":"LVA",
"DC_COUNTRY_DIAL_CODE":"+371",
"DC_COUNTRY_NAME":"Latvia",
"DC_CURRENCY_NUMERIC":"428",
"DC_ISO":"428",
"DB_MULTIPLE_FORMAT":"0",
"DC_NATIONALITY":"Latvian",
"DC_PHONE_FORMAT":"2:3:3",
"DN_TOTAL_NUMBER":8,
"DB_ACTIVE":"0"
},
{ 
"DN_COUNTRY_ID":121,
"DC_COUNTRY_CODE":"LB",
"DC_COUNTRY_CODE_THREE":"LBN",
"DC_COUNTRY_DIAL_CODE":"+961",
"DC_COUNTRY_NAME":"Lebanon",
"DC_CURRENCY_NUMERIC":"422",
"DC_ISO":"422",
"DB_MULTIPLE_FORMAT":"1",
"DC_NATIONALITY":"Lebanese",
"DC_PHONE_FORMAT":null,
"DN_TOTAL_NUMBER":8,
"DB_ACTIVE":"0"
},
{ 
"DN_COUNTRY_ID":122,
"DC_COUNTRY_CODE":"LS",
"DC_COUNTRY_CODE_THREE":"LSO",
"DC_COUNTRY_DIAL_CODE":"+266",
"DC_COUNTRY_NAME":"Lesotho",
"DC_CURRENCY_NUMERIC":"426",
"DC_ISO":"426",
"DB_MULTIPLE_FORMAT":"1",
"DC_NATIONALITY":"Basotho",
"DC_PHONE_FORMAT":null,
"DN_TOTAL_NUMBER":8,
"DB_ACTIVE":"0"
},
{ 
"DN_COUNTRY_ID":123,
"DC_COUNTRY_CODE":"LR",
"DC_COUNTRY_CODE_THREE":"LBR",
"DC_COUNTRY_DIAL_CODE":"+231",
"DC_COUNTRY_NAME":"Liberia",
"DC_CURRENCY_NUMERIC":"430",
"DC_ISO":"430",
"DB_MULTIPLE_FORMAT":"1",
"DC_NATIONALITY":"Liberian",
"DC_PHONE_FORMAT":null,
"DN_TOTAL_NUMBER":9,
"DB_ACTIVE":"0"
},
{ 
"DN_COUNTRY_ID":124,
"DC_COUNTRY_CODE":"LY",
"DC_COUNTRY_CODE_THREE":"LBY",
"DC_COUNTRY_DIAL_CODE":"+218",
"DC_COUNTRY_NAME":"Libya",
"DC_CURRENCY_NUMERIC":"434",
"DC_ISO":"434",
"DB_MULTIPLE_FORMAT":"0",
"DC_NATIONALITY":"Libyan",
"DC_PHONE_FORMAT":"2:3:4",
"DN_TOTAL_NUMBER":9,
"DB_ACTIVE":"0"
},
{ 
"DN_COUNTRY_ID":125,
"DC_COUNTRY_CODE":"LI",
"DC_COUNTRY_CODE_THREE":"LIE",
"DC_COUNTRY_DIAL_CODE":"+423",
"DC_COUNTRY_NAME":"Liechtenstein",
"DC_CURRENCY_NUMERIC":"756",
"DC_ISO":"438",
"DB_MULTIPLE_FORMAT":"0",
"DC_NATIONALITY":"Liechtenstein",
"DC_PHONE_FORMAT":"3:2:2",
"DN_TOTAL_NUMBER":7,
"DB_ACTIVE":"0"
},
{ 
"DN_COUNTRY_ID":126,
"DC_COUNTRY_CODE":"LT",
"DC_COUNTRY_CODE_THREE":"LTU",
"DC_COUNTRY_DIAL_CODE":"+370",
"DC_COUNTRY_NAME":"Lithuania",
"DC_CURRENCY_NUMERIC":"440",
"DC_ISO":"440",
"DB_MULTIPLE_FORMAT":"1",
"DC_NATIONALITY":"Lithunian",
"DC_PHONE_FORMAT":null,
"DN_TOTAL_NUMBER":8,
"DB_ACTIVE":"0"
},
{ 
"DN_COUNTRY_ID":127,
"DC_COUNTRY_CODE":"LU",
"DC_COUNTRY_CODE_THREE":"LUX",
"DC_COUNTRY_DIAL_CODE":"+352",
"DC_COUNTRY_NAME":"Luxembourg",
"DC_CURRENCY_NUMERIC":"978",
"DC_ISO":"442",
"DB_MULTIPLE_FORMAT":"0",
"DC_NATIONALITY":"Luxembourger",
"DC_PHONE_FORMAT":"3:3:3",
"DN_TOTAL_NUMBER":9,
"DB_ACTIVE":"0"
},
{ 
"DN_COUNTRY_ID":128,
"DC_COUNTRY_CODE":"MO",
"DC_COUNTRY_CODE_THREE":"MAC",
"DC_COUNTRY_DIAL_CODE":"+853",
"DC_COUNTRY_NAME":"Macau S.A.R.",
"DC_CURRENCY_NUMERIC":"446",
"DC_ISO":"446",
"DB_MULTIPLE_FORMAT":"0",
"DC_NATIONALITY":"Macau",
"DC_PHONE_FORMAT":"4:4",
"DN_TOTAL_NUMBER":8,
"DB_ACTIVE":"0"
},
{ 
"DN_COUNTRY_ID":129,
"DC_COUNTRY_CODE":"MK",
"DC_COUNTRY_CODE_THREE":"MKD",
"DC_COUNTRY_DIAL_CODE":"+389",
"DC_COUNTRY_NAME":"Macedonia",
"DC_CURRENCY_NUMERIC":"807",
"DC_ISO":"807",
"DB_MULTIPLE_FORMAT":"0",
"DC_NATIONALITY":"Macedonian",
"DC_PHONE_FORMAT":"2:6",
"DN_TOTAL_NUMBER":8,
"DB_ACTIVE":"0"
},
{ 
"DN_COUNTRY_ID":130,
"DC_COUNTRY_CODE":"MG",
"DC_COUNTRY_CODE_THREE":"MDG",
"DC_COUNTRY_DIAL_CODE":"+261",
"DC_COUNTRY_NAME":"Madagascar",
"DC_CURRENCY_NUMERIC":"969",
"DC_ISO":"450",
"DB_MULTIPLE_FORMAT":"1",
"DC_NATIONALITY":"Malagasy",
"DC_PHONE_FORMAT":null,
"DN_TOTAL_NUMBER":9,
"DB_ACTIVE":"0"
},
{ 
"DN_COUNTRY_ID":131,
"DC_COUNTRY_CODE":"MW",
"DC_COUNTRY_CODE_THREE":"MWI",
"DC_COUNTRY_DIAL_CODE":"+265",
"DC_COUNTRY_NAME":"Malawi",
"DC_CURRENCY_NUMERIC":"454",
"DC_ISO":"454",
"DB_MULTIPLE_FORMAT":"1",
"DC_NATIONALITY":"Malawian",
"DC_PHONE_FORMAT":null,
"DN_TOTAL_NUMBER":9,
"DB_ACTIVE":"0"
},
{ 
"DN_COUNTRY_ID":132,
"DC_COUNTRY_CODE":"MY",
"DC_COUNTRY_CODE_THREE":"MYS",
"DC_COUNTRY_DIAL_CODE":"+60",
"DC_COUNTRY_NAME":"Malaysia",
"DC_CURRENCY_NUMERIC":"458",
"DC_ISO":"458",
"DB_MULTIPLE_FORMAT":"1",
"DC_NATIONALITY":"Malaysian",
"DC_PHONE_FORMAT":null,
"DN_TOTAL_NUMBER":10,
"DB_ACTIVE":"0"
},
{ 
"DN_COUNTRY_ID":133,
"DC_COUNTRY_CODE":"MV",
"DC_COUNTRY_CODE_THREE":"MDV",
"DC_COUNTRY_DIAL_CODE":"+960",
"DC_COUNTRY_NAME":"Maldives",
"DC_CURRENCY_NUMERIC":"462",
"DC_ISO":"462",
"DB_MULTIPLE_FORMAT":"0",
"DC_NATIONALITY":"Maldivan",
"DC_PHONE_FORMAT":"1:6",
"DN_TOTAL_NUMBER":7,
"DB_ACTIVE":"0"
},
{ 
"DN_COUNTRY_ID":134,
"DC_COUNTRY_CODE":"ML",
"DC_COUNTRY_CODE_THREE":"MLI",
"DC_COUNTRY_DIAL_CODE":"+223",
"DC_COUNTRY_NAME":"Mali",
"DC_CURRENCY_NUMERIC":"952",
"DC_ISO":"466",
"DB_MULTIPLE_FORMAT":"0",
"DC_NATIONALITY":"Malian, Malinese",
"DC_PHONE_FORMAT":"4:4",
"DN_TOTAL_NUMBER":8,
"DB_ACTIVE":"0"
},
{ 
"DN_COUNTRY_ID":135,
"DC_COUNTRY_CODE":"MT",
"DC_COUNTRY_CODE_THREE":"MLT",
"DC_COUNTRY_DIAL_CODE":"+356",
"DC_COUNTRY_NAME":"Malta",
"DC_CURRENCY_NUMERIC":"978",
"DC_ISO":"470",
"DB_MULTIPLE_FORMAT":"0",
"DC_NATIONALITY":"Maltese",
"DC_PHONE_FORMAT":"4:4",
"DN_TOTAL_NUMBER":8,
"DB_ACTIVE":"0"
},
{ 
"DN_COUNTRY_ID":136,
"DC_COUNTRY_CODE":"IM",
"DC_COUNTRY_CODE_THREE":"IMY",
"DC_COUNTRY_DIAL_CODE":"+44",
"DC_COUNTRY_NAME":"Man (Isle of)",
"DC_CURRENCY_NUMERIC":"826",
"DC_ISO":"826",
"DB_MULTIPLE_FORMAT":"0",
"DC_NATIONALITY":"Manx",
"DC_PHONE_FORMAT":"4:6",
"DN_TOTAL_NUMBER":10,
"DB_ACTIVE":"0"
},
{ 
"DN_COUNTRY_ID":137,
"DC_COUNTRY_CODE":"MH",
"DC_COUNTRY_CODE_THREE":"MHL",
"DC_COUNTRY_DIAL_CODE":"+692",
"DC_COUNTRY_NAME":"Marshall Islands",
"DC_CURRENCY_NUMERIC":"840",
"DC_ISO":"584",
"DB_MULTIPLE_FORMAT":"1",
"DC_NATIONALITY":"Marshallese",
"DC_PHONE_FORMAT":null,
"DN_TOTAL_NUMBER":7,
"DB_ACTIVE":"0"
},
{ 
"DN_COUNTRY_ID":138,
"DC_COUNTRY_CODE":"MQ",
"DC_COUNTRY_CODE_THREE":"MTQ",
"DC_COUNTRY_DIAL_CODE":"+596",
"DC_COUNTRY_NAME":"Martinique",
"DC_CURRENCY_NUMERIC":"978",
"DC_ISO":"474",
"DB_MULTIPLE_FORMAT":"1",
"DC_NATIONALITY":"Martiniquais, Martinican",
"DC_PHONE_FORMAT":null,
"DN_TOTAL_NUMBER":12,
"DB_ACTIVE":"0"
},
{ 
"DN_COUNTRY_ID":139,
"DC_COUNTRY_CODE":"MR",
"DC_COUNTRY_CODE_THREE":"MRT",
"DC_COUNTRY_DIAL_CODE":"+222",
"DC_COUNTRY_NAME":"Mauritania",
"DC_CURRENCY_NUMERIC":"478",
"DC_ISO":"478",
"DB_MULTIPLE_FORMAT":"0",
"DC_NATIONALITY":"Mauritanian",
"DC_PHONE_FORMAT":"4:4",
"DN_TOTAL_NUMBER":8,
"DB_ACTIVE":"0"
},
{ 
"DN_COUNTRY_ID":140,
"DC_COUNTRY_CODE":"MU",
"DC_COUNTRY_CODE_THREE":"MUS",
"DC_COUNTRY_DIAL_CODE":"+230",
"DC_COUNTRY_NAME":"Mauritius",
"DC_CURRENCY_NUMERIC":"480",
"DC_ISO":"480",
"DB_MULTIPLE_FORMAT":"0",
"DC_NATIONALITY":"Mauritian",
"DC_PHONE_FORMAT":"1:3:4",
"DN_TOTAL_NUMBER":8,
"DB_ACTIVE":"0"
},
{ 
"DN_COUNTRY_ID":141,
"DC_COUNTRY_CODE":"YT",
"DC_COUNTRY_CODE_THREE":"MYT",
"DC_COUNTRY_DIAL_CODE":"+262",
"DC_COUNTRY_NAME":"Mayotte",
"DC_CURRENCY_NUMERIC":"978",
"DC_ISO":"175",
"DB_MULTIPLE_FORMAT":"0",
"DC_NATIONALITY":"Mahoran",
"DC_PHONE_FORMAT":"3:2:2:2",
"DN_TOTAL_NUMBER":9,
"DB_ACTIVE":"0"
},
{ 
"DN_COUNTRY_ID":142,
"DC_COUNTRY_CODE":"MX",
"DC_COUNTRY_CODE_THREE":"MEX",
"DC_COUNTRY_DIAL_CODE":"+52",
"DC_COUNTRY_NAME":"Mexico",
"DC_CURRENCY_NUMERIC":"484",
"DC_ISO":"484",
"DB_MULTIPLE_FORMAT":"0",
"DC_NATIONALITY":"Mexican",
"DC_PHONE_FORMAT":"3:3:4",
"DN_TOTAL_NUMBER":10,
"DB_ACTIVE":"0"
},
{ 
"DN_COUNTRY_ID":143,
"DC_COUNTRY_CODE":"FM",
"DC_COUNTRY_CODE_THREE":"FSM",
"DC_COUNTRY_DIAL_CODE":"+691",
"DC_COUNTRY_NAME":"Micronesia",
"DC_CURRENCY_NUMERIC":"840",
"DC_ISO":"583",
"DB_MULTIPLE_FORMAT":"0",
"DC_NATIONALITY":"Micronesian",
"DC_PHONE_FORMAT":"3:4",
"DN_TOTAL_NUMBER":7,
"DB_ACTIVE":"0"
},
{ 
"DN_COUNTRY_ID":144,
"DC_COUNTRY_CODE":"MD",
"DC_COUNTRY_CODE_THREE":"MDA",
"DC_COUNTRY_DIAL_CODE":"+373",
"DC_COUNTRY_NAME":"Moldova",
"DC_CURRENCY_NUMERIC":"498",
"DC_ISO":"498",
"DB_MULTIPLE_FORMAT":"1",
"DC_NATIONALITY":"Moldovan",
"DC_PHONE_FORMAT":null,
"DN_TOTAL_NUMBER":8,
"DB_ACTIVE":"0"
},
{ 
"DN_COUNTRY_ID":145,
"DC_COUNTRY_CODE":"MC",
"DC_COUNTRY_CODE_THREE":"MCO",
"DC_COUNTRY_DIAL_CODE":"+377",
"DC_COUNTRY_NAME":"Monaco",
"DC_CURRENCY_NUMERIC":"978",
"DC_ISO":"492",
"DB_MULTIPLE_FORMAT":"0",
"DC_NATIONALITY":"Monacan",
"DC_PHONE_FORMAT":"2:2:2:2",
"DN_TOTAL_NUMBER":8,
"DB_ACTIVE":"0"
},
{ 
"DN_COUNTRY_ID":146,
"DC_COUNTRY_CODE":"MN",
"DC_COUNTRY_CODE_THREE":"MNG",
"DC_COUNTRY_DIAL_CODE":"+976",
"DC_COUNTRY_NAME":"Mongolia",
"DC_CURRENCY_NUMERIC":"496",
"DC_ISO":"496",
"DB_MULTIPLE_FORMAT":"1",
"DC_NATIONALITY":"Mongolian",
"DC_PHONE_FORMAT":null,
"DN_TOTAL_NUMBER":8,
"DB_ACTIVE":"0"
},
{ 
"DN_COUNTRY_ID":147,
"DC_COUNTRY_CODE":"MS",
"DC_COUNTRY_CODE_THREE":"MSR",
"DC_COUNTRY_DIAL_CODE":"+1",
"DC_COUNTRY_NAME":"Montserrat",
"DC_CURRENCY_NUMERIC":"951",
"DC_ISO":"500",
"DB_MULTIPLE_FORMAT":"1",
"DC_NATIONALITY":"Montserratian",
"DC_PHONE_FORMAT":null,
"DN_TOTAL_NUMBER":10,
"DB_ACTIVE":"0"
},
{ 
"DN_COUNTRY_ID":148,
"DC_COUNTRY_CODE":"MA",
"DC_COUNTRY_CODE_THREE":"MAR",
"DC_COUNTRY_DIAL_CODE":"+212",
"DC_COUNTRY_NAME":"Morocco",
"DC_CURRENCY_NUMERIC":"504",
"DC_ISO":"504",
"DB_MULTIPLE_FORMAT":"1",
"DC_NATIONALITY":"Moroccan",
"DC_PHONE_FORMAT":null,
"DN_TOTAL_NUMBER":9,
"DB_ACTIVE":"0"
},
{ 
"DN_COUNTRY_ID":149,
"DC_COUNTRY_CODE":"MZ",
"DC_COUNTRY_CODE_THREE":"MOZ",
"DC_COUNTRY_DIAL_CODE":"+258",
"DC_COUNTRY_NAME":"Mozambique",
"DC_CURRENCY_NUMERIC":"943",
"DC_ISO":"508",
"DB_MULTIPLE_FORMAT":"1",
"DC_NATIONALITY":"Mozambican",
"DC_PHONE_FORMAT":null,
"DN_TOTAL_NUMBER":9,
"DB_ACTIVE":"0"
},
{ 
"DN_COUNTRY_ID":150,
"DC_COUNTRY_CODE":"MM",
"DC_COUNTRY_CODE_THREE":"MMR",
"DC_COUNTRY_DIAL_CODE":"+95",
"DC_COUNTRY_NAME":"Myanmar",
"DC_CURRENCY_NUMERIC":"104",
"DC_ISO":"104",
"DB_MULTIPLE_FORMAT":"1",
"DC_NATIONALITY":"Mayanmarese",
"DC_PHONE_FORMAT":null,
"DN_TOTAL_NUMBER":10,
"DB_ACTIVE":"0"
},
{ 
"DN_COUNTRY_ID":151,
"DC_COUNTRY_CODE":"NA",
"DC_COUNTRY_CODE_THREE":"NAM",
"DC_COUNTRY_DIAL_CODE":"+264",
"DC_COUNTRY_NAME":"Namibia",
"DC_CURRENCY_NUMERIC":"516",
"DC_ISO":"516",
"DB_MULTIPLE_FORMAT":"0",
"DC_NATIONALITY":"Namibian",
"DC_PHONE_FORMAT":"2:3:4",
"DN_TOTAL_NUMBER":9,
"DB_ACTIVE":"0"
},
{ 
"DN_COUNTRY_ID":152,
"DC_COUNTRY_CODE":"NR",
"DC_COUNTRY_CODE_THREE":"NRU",
"DC_COUNTRY_DIAL_CODE":"+674",
"DC_COUNTRY_NAME":"Nauru",
"DC_CURRENCY_NUMERIC":"036",
"DC_ISO":"520",
"DB_MULTIPLE_FORMAT":"0",
"DC_NATIONALITY":"Nauruan",
"DC_PHONE_FORMAT":"3:4",
"DN_TOTAL_NUMBER":7,
"DB_ACTIVE":"0"
},
{ 
"DN_COUNTRY_ID":153,
"DC_COUNTRY_CODE":"NP",
"DC_COUNTRY_CODE_THREE":"NPL",
"DC_COUNTRY_DIAL_CODE":"+977",
"DC_COUNTRY_NAME":"Nepal",
"DC_CURRENCY_NUMERIC":"524",
"DC_ISO":"524",
"DB_MULTIPLE_FORMAT":"1",
"DC_NATIONALITY":"Nepalese",
"DC_PHONE_FORMAT":null,
"DN_TOTAL_NUMBER":10,
"DB_ACTIVE":"0"
},
{ 
"DN_COUNTRY_ID":154,
"DC_COUNTRY_CODE":"CW",
"DC_COUNTRY_CODE_THREE":"CUW",
"DC_COUNTRY_DIAL_CODE":"+599",
"DC_COUNTRY_NAME":"Curaçao",
"DC_CURRENCY_NUMERIC":"532",
"DC_ISO":"532",
"DB_MULTIPLE_FORMAT":"0",
"DC_NATIONALITY":"Curaçaoan",
"DC_PHONE_FORMAT":"1:3:4",
"DN_TOTAL_NUMBER":8,
"DB_ACTIVE":"0"
},
{ 
"DN_COUNTRY_ID":155,
"DC_COUNTRY_CODE":"NL",
"DC_COUNTRY_CODE_THREE":"NLD",
"DC_COUNTRY_DIAL_CODE":"+31",
"DC_COUNTRY_NAME":"Netherlands The",
"DC_CURRENCY_NUMERIC":"978",
"DC_ISO":"528",
"DB_MULTIPLE_FORMAT":"1",
"DC_NATIONALITY":"Dutch",
"DC_PHONE_FORMAT":null,
"DN_TOTAL_NUMBER":9,
"DB_ACTIVE":"0"
},
{ 
"DN_COUNTRY_ID":156,
"DC_COUNTRY_CODE":"NC",
"DC_COUNTRY_CODE_THREE":"NCL",
"DC_COUNTRY_DIAL_CODE":"+687",
"DC_COUNTRY_NAME":"New Caledonia",
"DC_CURRENCY_NUMERIC":"953",
"DC_ISO":"540",
"DB_MULTIPLE_FORMAT":"1",
"DC_NATIONALITY":"New Caledonian",
"DC_PHONE_FORMAT":null,
"DN_TOTAL_NUMBER":9,
"DB_ACTIVE":"0"
},
{ 
"DN_COUNTRY_ID":157,
"DC_COUNTRY_CODE":"NZ",
"DC_COUNTRY_CODE_THREE":"NZL",
"DC_COUNTRY_DIAL_CODE":"+64",
"DC_COUNTRY_NAME":"New Zealand",
"DC_CURRENCY_NUMERIC":"554",
"DC_ISO":"554",
"DB_MULTIPLE_FORMAT":"1",
"DC_NATIONALITY":"New Zealander",
"DC_PHONE_FORMAT":null,
"DN_TOTAL_NUMBER":9,
"DB_ACTIVE":"0"
},
{ 
"DN_COUNTRY_ID":158,
"DC_COUNTRY_CODE":"NI",
"DC_COUNTRY_CODE_THREE":"NIC",
"DC_COUNTRY_DIAL_CODE":"+505",
"DC_COUNTRY_NAME":"Nicaragua",
"DC_CURRENCY_NUMERIC":"558",
"DC_ISO":"558",
"DB_MULTIPLE_FORMAT":"0",
"DC_NATIONALITY":"Nicaraguan",
"DC_PHONE_FORMAT":"4:4",
"DN_TOTAL_NUMBER":8,
"DB_ACTIVE":"0"
},
{ 
"DN_COUNTRY_ID":159,
"DC_COUNTRY_CODE":"NE",
"DC_COUNTRY_CODE_THREE":"NER",
"DC_COUNTRY_DIAL_CODE":"+227",
"DC_COUNTRY_NAME":"Niger",
"DC_CURRENCY_NUMERIC":"952",
"DC_ISO":"562",
"DB_MULTIPLE_FORMAT":"0",
"DC_NATIONALITY":"Nigerien",
"DC_PHONE_FORMAT":"2:2:2:2",
"DN_TOTAL_NUMBER":8,
"DB_ACTIVE":"0"
},
{ 
"DN_COUNTRY_ID":160,
"DC_COUNTRY_CODE":"NG",
"DC_COUNTRY_CODE_THREE":"NGA",
"DC_COUNTRY_DIAL_CODE":"+234",
"DC_COUNTRY_NAME":"Nigeria",
"DC_CURRENCY_NUMERIC":"566",
"DC_ISO":"566",
"DB_MULTIPLE_FORMAT":"1",
"DC_NATIONALITY":"Nigerian",
"DC_PHONE_FORMAT":null,
"DN_TOTAL_NUMBER":10,
"DB_ACTIVE":"0"
},
{ 
"DN_COUNTRY_ID":161,
"DC_COUNTRY_CODE":"NU",
"DC_COUNTRY_CODE_THREE":"NIU",
"DC_COUNTRY_DIAL_CODE":"+683",
"DC_COUNTRY_NAME":"Niue",
"DC_CURRENCY_NUMERIC":"554",
"DC_ISO":"570",
"DB_MULTIPLE_FORMAT":"1",
"DC_NATIONALITY":"Niuean",
"DC_PHONE_FORMAT":null,
"DN_TOTAL_NUMBER":7,
"DB_ACTIVE":"0"
},
{ 
"DN_COUNTRY_ID":162,
"DC_COUNTRY_CODE":"NF",
"DC_COUNTRY_CODE_THREE":"NFK",
"DC_COUNTRY_DIAL_CODE":"+672",
"DC_COUNTRY_NAME":"Norfolk Island",
"DC_CURRENCY_NUMERIC":"036",
"DC_ISO":"574",
"DB_MULTIPLE_FORMAT":"0",
"DC_NATIONALITY":"Norfolk Island",
"DC_PHONE_FORMAT":"1:2:3",
"DN_TOTAL_NUMBER":6,
"DB_ACTIVE":"0"
},
{ 
"DN_COUNTRY_ID":163,
"DC_COUNTRY_CODE":"MP",
"DC_COUNTRY_CODE_THREE":"MNP",
"DC_COUNTRY_DIAL_CODE":"+1",
"DC_COUNTRY_NAME":"Northern Mariana Islands",
"DC_CURRENCY_NUMERIC":"840",
"DC_ISO":"580",
"DB_MULTIPLE_FORMAT":"1",
"DC_NATIONALITY":"Northern Marianan",
"DC_PHONE_FORMAT":null,
"DN_TOTAL_NUMBER":10,
"DB_ACTIVE":"0"
},
{ 
"DN_COUNTRY_ID":164,
"DC_COUNTRY_CODE":"NO",
"DC_COUNTRY_CODE_THREE":"NOR",
"DC_COUNTRY_DIAL_CODE":"+47",
"DC_COUNTRY_NAME":"Norway",
"DC_CURRENCY_NUMERIC":"578",
"DC_ISO":"578",
"DB_MULTIPLE_FORMAT":"0",
"DC_NATIONALITY":"Norwegian",
"DC_PHONE_FORMAT":"2:2:2:2",
"DN_TOTAL_NUMBER":8,
"DB_ACTIVE":"0"
},
{ 
"DN_COUNTRY_ID":165,
"DC_COUNTRY_CODE":"OM",
"DC_COUNTRY_CODE_THREE":"OMN",
"DC_COUNTRY_DIAL_CODE":"+968",
"DC_COUNTRY_NAME":"Oman",
"DC_CURRENCY_NUMERIC":"512",
"DC_ISO":"512",
"DB_MULTIPLE_FORMAT":"1",
"DC_NATIONALITY":"Omani",
"DC_PHONE_FORMAT":null,
"DN_TOTAL_NUMBER":8,
"DB_ACTIVE":"0"
},
{ 
"DN_COUNTRY_ID":166,
"DC_COUNTRY_CODE":"PK",
"DC_COUNTRY_CODE_THREE":"PAK",
"DC_COUNTRY_DIAL_CODE":"+92",
"DC_COUNTRY_NAME":"Pakistan",
"DC_CURRENCY_NUMERIC":"586",
"DC_ISO":"586",
"DB_MULTIPLE_FORMAT":"1",
"DC_NATIONALITY":"Pakistani",
"DC_PHONE_FORMAT":null,
"DN_TOTAL_NUMBER":10,
"DB_ACTIVE":"0"
},
{ 
"DN_COUNTRY_ID":167,
"DC_COUNTRY_CODE":"PW",
"DC_COUNTRY_CODE_THREE":"PLW",
"DC_COUNTRY_DIAL_CODE":"+680",
"DC_COUNTRY_NAME":"Palau",
"DC_CURRENCY_NUMERIC":"840",
"DC_ISO":"585",
"DB_MULTIPLE_FORMAT":"0",
"DC_NATIONALITY":"Palauan",
"DC_PHONE_FORMAT":"3:4",
"DN_TOTAL_NUMBER":7,
"DB_ACTIVE":"0"
},
{ 
"DN_COUNTRY_ID":168,
"DC_COUNTRY_CODE":"PS",
"DC_COUNTRY_CODE_THREE":"PSE",
"DC_COUNTRY_DIAL_CODE":"+970",
"DC_COUNTRY_NAME":"Palestinian Territory Occupied",
"DC_CURRENCY_NUMERIC":"840",
"DC_ISO":"275",
"DB_MULTIPLE_FORMAT":"1",
"DC_NATIONALITY":"Palestinian",
"DC_PHONE_FORMAT":null,
"DN_TOTAL_NUMBER":9,
"DB_ACTIVE":"0"
},
{ 
"DN_COUNTRY_ID":169,
"DC_COUNTRY_CODE":"PA",
"DC_COUNTRY_CODE_THREE":"PAN",
"DC_COUNTRY_DIAL_CODE":"+507",
"DC_COUNTRY_NAME":"Panama",
"DC_CURRENCY_NUMERIC":"590",
"DC_ISO":"591",
"DB_MULTIPLE_FORMAT":"0",
"DC_NATIONALITY":"Panamanian",
"DC_PHONE_FORMAT":"4:4",
"DN_TOTAL_NUMBER":8,
"DB_ACTIVE":"0"
},
{ 
"DN_COUNTRY_ID":170,
"DC_COUNTRY_CODE":"PG",
"DC_COUNTRY_CODE_THREE":"PNG",
"DC_COUNTRY_DIAL_CODE":"+675",
"DC_COUNTRY_NAME":"Papua new Guinea",
"DC_CURRENCY_NUMERIC":"598",
"DC_ISO":"598",
"DB_MULTIPLE_FORMAT":"0",
"DC_NATIONALITY":"Papua New Guinean, Papuan",
"DC_PHONE_FORMAT":"3:2:3",
"DN_TOTAL_NUMBER":8,
"DB_ACTIVE":"0"
},
{ 
"DN_COUNTRY_ID":171,
"DC_COUNTRY_CODE":"PY",
"DC_COUNTRY_CODE_THREE":"PRY",
"DC_COUNTRY_DIAL_CODE":"+595",
"DC_COUNTRY_NAME":"Paraguay",
"DC_CURRENCY_NUMERIC":"600",
"DC_ISO":"600",
"DB_MULTIPLE_FORMAT":"1",
"DC_NATIONALITY":"Paraguayan",
"DC_PHONE_FORMAT":null,
"DN_TOTAL_NUMBER":9,
"DB_ACTIVE":"0"
},
{ 
"DN_COUNTRY_ID":172,
"DC_COUNTRY_CODE":"PE",
"DC_COUNTRY_CODE_THREE":"PER",
"DC_COUNTRY_DIAL_CODE":"+51",
"DC_COUNTRY_NAME":"Peru",
"DC_CURRENCY_NUMERIC":"604",
"DC_ISO":"604",
"DB_MULTIPLE_FORMAT":"0",
"DC_NATIONALITY":"Peruvian",
"DC_PHONE_FORMAT":"3:3:3",
"DN_TOTAL_NUMBER":9,
"DB_ACTIVE":"0"
},
{ 
"DN_COUNTRY_ID":173,
"DC_COUNTRY_CODE":"PH",
"DC_COUNTRY_CODE_THREE":"PHL",
"DC_COUNTRY_DIAL_CODE":"+63",
"DC_COUNTRY_NAME":"Philippines",
"DC_CURRENCY_NUMERIC":"608",
"DC_ISO":"608",
"DB_MULTIPLE_FORMAT":"1",
"DC_NATIONALITY":"Filipino",
"DC_PHONE_FORMAT":null,
"DN_TOTAL_NUMBER":10,
"DB_ACTIVE":"0"
},
{ 
"DN_COUNTRY_ID":174,
"DC_COUNTRY_CODE":"PN",
"DC_COUNTRY_CODE_THREE":"PCN",
"DC_COUNTRY_DIAL_CODE":"+872",
"DC_COUNTRY_NAME":"Pitcairn Island",
"DC_CURRENCY_NUMERIC":"554",
"DC_ISO":"612",
"DB_MULTIPLE_FORMAT":"1",
"DC_NATIONALITY":"Pitcairn Island",
"DC_PHONE_FORMAT":null,
"DN_TOTAL_NUMBER":10,
"DB_ACTIVE":"0"
},
{ 
"DN_COUNTRY_ID":175,
"DC_COUNTRY_CODE":"PL",
"DC_COUNTRY_CODE_THREE":"POL",
"DC_COUNTRY_DIAL_CODE":"+48",
"DC_COUNTRY_NAME":"Poland",
"DC_CURRENCY_NUMERIC":"985",
"DC_ISO":"616",
"DB_MULTIPLE_FORMAT":"0",
"DC_NATIONALITY":"Polish",
"DC_PHONE_FORMAT":"2:3:2:2",
"DN_TOTAL_NUMBER":9,
"DB_ACTIVE":"0"
},
{ 
"DN_COUNTRY_ID":176,
"DC_COUNTRY_CODE":"PT",
"DC_COUNTRY_CODE_THREE":"PRT",
"DC_COUNTRY_DIAL_CODE":"+351",
"DC_COUNTRY_NAME":"Portugal",
"DC_CURRENCY_NUMERIC":"978",
"DC_ISO":"620",
"DB_MULTIPLE_FORMAT":"0",
"DC_NATIONALITY":"Portugees",
"DC_PHONE_FORMAT":"3:3:3",
"DN_TOTAL_NUMBER":9,
"DB_ACTIVE":"0"
},
{ 
"DN_COUNTRY_ID":177,
"DC_COUNTRY_CODE":"PR",
"DC_COUNTRY_CODE_THREE":"PRI",
"DC_COUNTRY_DIAL_CODE":"+1",
"DC_COUNTRY_NAME":"Puerto Rico",
"DC_CURRENCY_NUMERIC":"840",
"DC_ISO":"630",
"DB_MULTIPLE_FORMAT":"1",
"DC_NATIONALITY":"Puerto Rican",
"DC_PHONE_FORMAT":null,
"DN_TOTAL_NUMBER":10,
"DB_ACTIVE":"0"
},
{ 
"DN_COUNTRY_ID":178,
"DC_COUNTRY_CODE":"QA",
"DC_COUNTRY_CODE_THREE":"QAT",
"DC_COUNTRY_DIAL_CODE":"+974",
"DC_COUNTRY_NAME":"Qatar",
"DC_CURRENCY_NUMERIC":"634",
"DC_ISO":"634",
"DB_MULTIPLE_FORMAT":"1",
"DC_NATIONALITY":"Qatari",
"DC_PHONE_FORMAT":null,
"DN_TOTAL_NUMBER":8,
"DB_ACTIVE":"0"
},
{ 
"DN_COUNTRY_ID":179,
"DC_COUNTRY_CODE":"RE",
"DC_COUNTRY_CODE_THREE":"REU",
"DC_COUNTRY_DIAL_CODE":"+262",
"DC_COUNTRY_NAME":"Reunion",
"DC_CURRENCY_NUMERIC":"978",
"DC_ISO":"638",
"DB_MULTIPLE_FORMAT":"0",
"DC_NATIONALITY":"Réunionese, Réunionnais",
"DC_PHONE_FORMAT":"3:3:3",
"DN_TOTAL_NUMBER":9,
"DB_ACTIVE":"0"
},
{ 
"DN_COUNTRY_ID":180,
"DC_COUNTRY_CODE":"RO",
"DC_COUNTRY_CODE_THREE":"ROM",
"DC_COUNTRY_DIAL_CODE":"+40",
"DC_COUNTRY_NAME":"Romania",
"DC_CURRENCY_NUMERIC":"946",
"DC_ISO":"642",
"DB_MULTIPLE_FORMAT":"0",
"DC_NATIONALITY":"Romanian",
"DC_PHONE_FORMAT":"3:6",
"DN_TOTAL_NUMBER":9,
"DB_ACTIVE":"0"
},
{ 
"DN_COUNTRY_ID":181,
"DC_COUNTRY_CODE":"RU",
"DC_COUNTRY_CODE_THREE":"RUS",
"DC_COUNTRY_DIAL_CODE":"+7",
"DC_COUNTRY_NAME":"Russia",
"DC_CURRENCY_NUMERIC":"643",
"DC_ISO":"643",
"DB_MULTIPLE_FORMAT":"0",
"DC_NATIONALITY":"Russian",
"DC_PHONE_FORMAT":"3:3:2:2",
"DN_TOTAL_NUMBER":10,
"DB_ACTIVE":"0"
},
{ 
"DN_COUNTRY_ID":182,
"DC_COUNTRY_CODE":"RW",
"DC_COUNTRY_CODE_THREE":"RWA",
"DC_COUNTRY_DIAL_CODE":"+250",
"DC_COUNTRY_NAME":"Rwanda",
"DC_CURRENCY_NUMERIC":"646",
"DC_ISO":"646",
"DB_MULTIPLE_FORMAT":"0",
"DC_NATIONALITY":"Rwandan",
"DC_PHONE_FORMAT":"3:3:3",
"DN_TOTAL_NUMBER":9,
"DB_ACTIVE":"0"
},
{ 
"DN_COUNTRY_ID":183,
"DC_COUNTRY_CODE":"SH",
"DC_COUNTRY_CODE_THREE":"SHN",
"DC_COUNTRY_DIAL_CODE":"+290",
"DC_COUNTRY_NAME":"Saint Helena",
"DC_CURRENCY_NUMERIC":"654",
"DC_ISO":"654",
"DB_MULTIPLE_FORMAT":"1",
"DC_NATIONALITY":"Saint Helenian",
"DC_PHONE_FORMAT":null,
"DN_TOTAL_NUMBER":5,
"DB_ACTIVE":"0"
},
{ 
"DN_COUNTRY_ID":184,
"DC_COUNTRY_CODE":"KN",
"DC_COUNTRY_CODE_THREE":"KNA",
"DC_COUNTRY_DIAL_CODE":"+1",
"DC_COUNTRY_NAME":"Saint Kitts And Nevis",
"DC_CURRENCY_NUMERIC":"951",
"DC_ISO":"659",
"DB_MULTIPLE_FORMAT":"1",
"DC_NATIONALITY":"Kittitian or Nevisian",
"DC_PHONE_FORMAT":null,
"DN_TOTAL_NUMBER":10,
"DB_ACTIVE":"0"
},
{ 
"DN_COUNTRY_ID":185,
"DC_COUNTRY_CODE":"LC",
"DC_COUNTRY_CODE_THREE":"LCA",
"DC_COUNTRY_DIAL_CODE":"+1",
"DC_COUNTRY_NAME":"Saint Lucia",
"DC_CURRENCY_NUMERIC":"951",
"DC_ISO":"662",
"DB_MULTIPLE_FORMAT":"0",
"DC_NATIONALITY":"Saint Lucian",
"DC_PHONE_FORMAT":"3:3:4",
"DN_TOTAL_NUMBER":10,
"DB_ACTIVE":"0"
},
{ 
"DN_COUNTRY_ID":186,
"DC_COUNTRY_CODE":"PM",
"DC_COUNTRY_CODE_THREE":"SPM",
"DC_COUNTRY_DIAL_CODE":"+508",
"DC_COUNTRY_NAME":"Saint Pierre and Miquelon",
"DC_CURRENCY_NUMERIC":"978",
"DC_ISO":"666",
"DB_MULTIPLE_FORMAT":"0",
"DC_NATIONALITY":"Saint-Pierrais or Miquelonnais",
"DC_PHONE_FORMAT":"2:2:2",
"DN_TOTAL_NUMBER":6,
"DB_ACTIVE":"0"
},
{ 
"DN_COUNTRY_ID":187,
"DC_COUNTRY_CODE":"VC",
"DC_COUNTRY_CODE_THREE":"VCT",
"DC_COUNTRY_DIAL_CODE":"+1",
"DC_COUNTRY_NAME":"Saint Vincent And The Grenadines",
"DC_CURRENCY_NUMERIC":"951",
"DC_ISO":"670",
"DB_MULTIPLE_FORMAT":"1",
"DC_NATIONALITY":"Saint Vincentian, Vincentian",
"DC_PHONE_FORMAT":null,
"DN_TOTAL_NUMBER":7,
"DB_ACTIVE":"0"
},
{ 
"DN_COUNTRY_ID":188,
"DC_COUNTRY_CODE":"WS",
"DC_COUNTRY_CODE_THREE":"WSM",
"DC_COUNTRY_DIAL_CODE":"+685",
"DC_COUNTRY_NAME":"Samoa",
"DC_CURRENCY_NUMERIC":"882",
"DC_ISO":"882",
"DB_MULTIPLE_FORMAT":"1",
"DC_NATIONALITY":"Samoan",
"DC_PHONE_FORMAT":null,
"DN_TOTAL_NUMBER":7,
"DB_ACTIVE":"0"
},
{ 
"DN_COUNTRY_ID":189,
"DC_COUNTRY_CODE":"SM",
"DC_COUNTRY_CODE_THREE":"SMR",
"DC_COUNTRY_DIAL_CODE":"+378",
"DC_COUNTRY_NAME":"San Marino",
"DC_CURRENCY_NUMERIC":"978",
"DC_ISO":"674",
"DB_MULTIPLE_FORMAT":"1",
"DC_NATIONALITY":"Sammarinese",
"DC_PHONE_FORMAT":null,
"DN_TOTAL_NUMBER":10,
"DB_ACTIVE":"0"
},
{ 
"DN_COUNTRY_ID":190,
"DC_COUNTRY_CODE":"ST",
"DC_COUNTRY_CODE_THREE":"STP",
"DC_COUNTRY_DIAL_CODE":"+239",
"DC_COUNTRY_NAME":"Sao Tome and Principe",
"DC_CURRENCY_NUMERIC":"678",
"DC_ISO":"678",
"DB_MULTIPLE_FORMAT":"0",
"DC_NATIONALITY":"São Toméan",
"DC_PHONE_FORMAT":"3:4",
"DN_TOTAL_NUMBER":7,
"DB_ACTIVE":"0"
},
{ 
"DN_COUNTRY_ID":191,
"DC_COUNTRY_CODE":"SA",
"DC_COUNTRY_CODE_THREE":"SAU",
"DC_COUNTRY_DIAL_CODE":"+966",
"DC_COUNTRY_NAME":"Saudi Arabia",
"DC_CURRENCY_NUMERIC":"682",
"DC_ISO":"682",
"DB_MULTIPLE_FORMAT":"1",
"DC_NATIONALITY":"Saudi Arabian",
"DC_PHONE_FORMAT":null,
"DN_TOTAL_NUMBER":9,
"DB_ACTIVE":"0"
},
{ 
"DN_COUNTRY_ID":192,
"DC_COUNTRY_CODE":"SN",
"DC_COUNTRY_CODE_THREE":"SEN",
"DC_COUNTRY_DIAL_CODE":"+221",
"DC_COUNTRY_NAME":"Senegal",
"DC_CURRENCY_NUMERIC":"952",
"DC_ISO":"686",
"DB_MULTIPLE_FORMAT":"0",
"DC_NATIONALITY":"Senegalese",
"DC_PHONE_FORMAT":"3:4",
"DN_TOTAL_NUMBER":7,
"DB_ACTIVE":"0"
},
{ 
"DN_COUNTRY_ID":193,
"DC_COUNTRY_CODE":"RS",
"DC_COUNTRY_CODE_THREE":"SRB",
"DC_COUNTRY_DIAL_CODE":"+381",
"DC_COUNTRY_NAME":"Serbia",
"DC_CURRENCY_NUMERIC":"941",
"DC_ISO":"688",
"DB_MULTIPLE_FORMAT":"0",
"DC_NATIONALITY":"Serbian",
"DC_PHONE_FORMAT":"2:3:2:2",
"DN_TOTAL_NUMBER":9,
"DB_ACTIVE":"0"
},
{ 
"DN_COUNTRY_ID":194,
"DC_COUNTRY_CODE":"SC",
"DC_COUNTRY_CODE_THREE":"SYC",
"DC_COUNTRY_DIAL_CODE":"+248",
"DC_COUNTRY_NAME":"Seychelles",
"DC_CURRENCY_NUMERIC":"690",
"DC_ISO":"690",
"DB_MULTIPLE_FORMAT":"1",
"DC_NATIONALITY":"Seychellois",
"DC_PHONE_FORMAT":null,
"DN_TOTAL_NUMBER":7,
"DB_ACTIVE":"0"
},
{ 
"DN_COUNTRY_ID":195,
"DC_COUNTRY_CODE":"SL",
"DC_COUNTRY_CODE_THREE":"SLE",
"DC_COUNTRY_DIAL_CODE":"+232",
"DC_COUNTRY_NAME":"Sierra Leone",
"DC_CURRENCY_NUMERIC":"694",
"DC_ISO":"694",
"DB_MULTIPLE_FORMAT":"0",
"DC_NATIONALITY":"Sierra Leonean",
"DC_PHONE_FORMAT":"2:6",
"DN_TOTAL_NUMBER":8,
"DB_ACTIVE":"0"
},
{ 
"DN_COUNTRY_ID":196,
"DC_COUNTRY_CODE":"SG",
"DC_COUNTRY_CODE_THREE":"SGP",
"DC_COUNTRY_DIAL_CODE":"+65",
"DC_COUNTRY_NAME":"Singapore",
"DC_CURRENCY_NUMERIC":"702",
"DC_ISO":"702",
"DB_MULTIPLE_FORMAT":"0",
"DC_NATIONALITY":"Singaporean",
"DC_PHONE_FORMAT":"4:4",
"DN_TOTAL_NUMBER":8,
"DB_ACTIVE":"0"
},
{ 
"DN_COUNTRY_ID":197,
"DC_COUNTRY_CODE":"SK",
"DC_COUNTRY_CODE_THREE":"SVK",
"DC_COUNTRY_DIAL_CODE":"+421",
"DC_COUNTRY_NAME":"Slovakia",
"DC_CURRENCY_NUMERIC":"978",
"DC_ISO":"703",
"DB_MULTIPLE_FORMAT":"1",
"DC_NATIONALITY":"Slovakian",
"DC_PHONE_FORMAT":null,
"DN_TOTAL_NUMBER":9,
"DB_ACTIVE":"0"
},
{ 
"DN_COUNTRY_ID":198,
"DC_COUNTRY_CODE":"SI",
"DC_COUNTRY_CODE_THREE":"SVN",
"DC_COUNTRY_DIAL_CODE":"+386",
"DC_COUNTRY_NAME":"Slovenia",
"DC_CURRENCY_NUMERIC":"978",
"DC_ISO":"705",
"DB_MULTIPLE_FORMAT":"0",
"DC_NATIONALITY":"Slovenian, Slovene",
"DC_PHONE_FORMAT":"1:3:2:2",
"DN_TOTAL_NUMBER":8,
"DB_ACTIVE":"0"
},
{ 
"DN_COUNTRY_ID":199,
"DC_COUNTRY_CODE":"PN",
"DC_COUNTRY_CODE_THREE":"PCN",
"DC_COUNTRY_DIAL_CODE":"+872",
"DC_COUNTRY_NAME":"Pitcairn",
"DC_CURRENCY_NUMERIC":"554",
"DC_ISO":"612",
"DB_MULTIPLE_FORMAT":"1",
"DC_NATIONALITY":"Pitcairn Island",
"DC_PHONE_FORMAT":null,
"DN_TOTAL_NUMBER":10,
"DB_ACTIVE":"0"
},
{ 
"DN_COUNTRY_ID":200,
"DC_COUNTRY_CODE":"SB",
"DC_COUNTRY_CODE_THREE":"SLB",
"DC_COUNTRY_DIAL_CODE":"+677",
"DC_COUNTRY_NAME":"Solomon Islands",
"DC_CURRENCY_NUMERIC":"090",
"DC_ISO":"90",
"DB_MULTIPLE_FORMAT":"1",
"DC_NATIONALITY":"Solomon Island",
"DC_PHONE_FORMAT":null,
"DN_TOTAL_NUMBER":7,
"DB_ACTIVE":"0"
},
{ 
"DN_COUNTRY_ID":201,
"DC_COUNTRY_CODE":"SO",
"DC_COUNTRY_CODE_THREE":"SOM",
"DC_COUNTRY_DIAL_CODE":"+252",
"DC_COUNTRY_NAME":"Somalia",
"DC_CURRENCY_NUMERIC":"706",
"DC_ISO":"706",
"DB_MULTIPLE_FORMAT":"1",
"DC_NATIONALITY":"Somali",
"DC_PHONE_FORMAT":null,
"DN_TOTAL_NUMBER":9,
"DB_ACTIVE":"0"
},
{ 
"DN_COUNTRY_ID":202,
"DC_COUNTRY_CODE":"ZA",
"DC_COUNTRY_CODE_THREE":"ZAF",
"DC_COUNTRY_DIAL_CODE":"+27",
"DC_COUNTRY_NAME":"South Africa",
"DC_CURRENCY_NUMERIC":"710",
"DC_ISO":"710",
"DB_MULTIPLE_FORMAT":"0",
"DC_NATIONALITY":"South African",
"DC_PHONE_FORMAT":"2:3:4",
"DN_TOTAL_NUMBER":9,
"DB_ACTIVE":"0"
},
{ 
"DN_COUNTRY_ID":203,
"DC_COUNTRY_CODE":"GS",
"DC_COUNTRY_CODE_THREE":"SGS",
"DC_COUNTRY_DIAL_CODE":"+500",
"DC_COUNTRY_NAME":"South Georgia",
"DC_CURRENCY_NUMERIC":"826",
"DC_ISO":"239",
"DB_MULTIPLE_FORMAT":"1",
"DC_NATIONALITY":"South Georgia or South Sandwich Islands",
"DC_PHONE_FORMAT":null,
"DN_TOTAL_NUMBER":5,
"DB_ACTIVE":"0"
},
{ 
"DN_COUNTRY_ID":204,
"DC_COUNTRY_CODE":"SS",
"DC_COUNTRY_CODE_THREE":"SSD",
"DC_COUNTRY_DIAL_CODE":"+211",
"DC_COUNTRY_NAME":"South Sudan",
"DC_CURRENCY_NUMERIC":"728",
"DC_ISO":"728",
"DB_MULTIPLE_FORMAT":"0",
"DC_NATIONALITY":"South Sudanese",
"DC_PHONE_FORMAT":"2:3:4",
"DN_TOTAL_NUMBER":9,
"DB_ACTIVE":"0"
},
{ 
"DN_COUNTRY_ID":205,
"DC_COUNTRY_CODE":"ES",
"DC_COUNTRY_CODE_THREE":"ESP",
"DC_COUNTRY_DIAL_CODE":"+34",
"DC_COUNTRY_NAME":"Spain",
"DC_CURRENCY_NUMERIC":"978",
"DC_ISO":"724",
"DB_MULTIPLE_FORMAT":"0",
"DC_NATIONALITY":"Spanish",
"DC_PHONE_FORMAT":"3:3:3",
"DN_TOTAL_NUMBER":9,
"DB_ACTIVE":"0"
},
{ 
"DN_COUNTRY_ID":206,
"DC_COUNTRY_CODE":"LK",
"DC_COUNTRY_CODE_THREE":"LKA",
"DC_COUNTRY_DIAL_CODE":"+94",
"DC_COUNTRY_NAME":"Sri Lanka",
"DC_CURRENCY_NUMERIC":"144",
"DC_ISO":"144",
"DB_MULTIPLE_FORMAT":"0",
"DC_NATIONALITY":"Sri Lankan",
"DC_PHONE_FORMAT":"2:7",
"DN_TOTAL_NUMBER":9,
"DB_ACTIVE":"0"
},
{ 
"DN_COUNTRY_ID":207,
"DC_COUNTRY_CODE":"SD",
"DC_COUNTRY_CODE_THREE":"SDN",
"DC_COUNTRY_DIAL_CODE":"+249",
"DC_COUNTRY_NAME":"Sudan",
"DC_CURRENCY_NUMERIC":"736",
"DC_ISO":"736",
"DB_MULTIPLE_FORMAT":"0",
"DC_NATIONALITY":"Sudanese",
"DC_PHONE_FORMAT":"2:3:4",
"DN_TOTAL_NUMBER":9,
"DB_ACTIVE":"0"
},
{ 
"DN_COUNTRY_ID":208,
"DC_COUNTRY_CODE":"SR",
"DC_COUNTRY_CODE_THREE":"SUR",
"DC_COUNTRY_DIAL_CODE":"+597",
"DC_COUNTRY_NAME":"Suriname",
"DC_CURRENCY_NUMERIC":"968",
"DC_ISO":"740",
"DB_MULTIPLE_FORMAT":"0",
"DC_NATIONALITY":"Surinamese",
"DC_PHONE_FORMAT":"3:4",
"DN_TOTAL_NUMBER":7,
"DB_ACTIVE":"0"
},
{ 
"DN_COUNTRY_ID":209,
"DC_COUNTRY_CODE":"SJ",
"DC_COUNTRY_CODE_THREE":"SJM",
"DC_COUNTRY_DIAL_CODE":"+47",
"DC_COUNTRY_NAME":"Svalbard And Jan Mayen Islands",
"DC_CURRENCY_NUMERIC":"578",
"DC_ISO":"744",
"DB_MULTIPLE_FORMAT":"0",
"DC_NATIONALITY":"Svalbard",
"DC_PHONE_FORMAT":"2:2:2:2",
"DN_TOTAL_NUMBER":8,
"DB_ACTIVE":"0"
},
{ 
"DN_COUNTRY_ID":210,
"DC_COUNTRY_CODE":"SZ",
"DC_COUNTRY_CODE_THREE":"SWZ",
"DC_COUNTRY_DIAL_CODE":"+268",
"DC_COUNTRY_NAME":"Swaziland",
"DC_CURRENCY_NUMERIC":"748",
"DC_ISO":"748",
"DB_MULTIPLE_FORMAT":"0",
"DC_NATIONALITY":"Swazi",
"DC_PHONE_FORMAT":"2:2:4",
"DN_TOTAL_NUMBER":8,
"DB_ACTIVE":"0"
},
{ 
"DN_COUNTRY_ID":211,
"DC_COUNTRY_CODE":"SE",
"DC_COUNTRY_CODE_THREE":"SWE",
"DC_COUNTRY_DIAL_CODE":"+46",
"DC_COUNTRY_NAME":"Sweden",
"DC_CURRENCY_NUMERIC":"752",
"DC_ISO":"752",
"DB_MULTIPLE_FORMAT":"1",
"DC_NATIONALITY":"Swedish",
"DC_PHONE_FORMAT":null,
"DN_TOTAL_NUMBER":10,
"DB_ACTIVE":"0"
},
{ 
"DN_COUNTRY_ID":212,
"DC_COUNTRY_CODE":"CH",
"DC_COUNTRY_CODE_THREE":"CHE",
"DC_COUNTRY_DIAL_CODE":"+41",
"DC_COUNTRY_NAME":"Switzerland",
"DC_CURRENCY_NUMERIC":"756",
"DC_ISO":"756",
"DB_MULTIPLE_FORMAT":"1",
"DC_NATIONALITY":"Swiss",
"DC_PHONE_FORMAT":null,
"DN_TOTAL_NUMBER":12,
"DB_ACTIVE":"0"
},
{ 
"DN_COUNTRY_ID":213,
"DC_COUNTRY_CODE":"SY",
"DC_COUNTRY_CODE_THREE":"SYR",
"DC_COUNTRY_DIAL_CODE":"+963",
"DC_COUNTRY_NAME":"Syria",
"DC_CURRENCY_NUMERIC":"760",
"DC_ISO":"760",
"DB_MULTIPLE_FORMAT":"1",
"DC_NATIONALITY":"Syrian",
"DC_PHONE_FORMAT":null,
"DN_TOTAL_NUMBER":10,
"DB_ACTIVE":"0"
},
{ 
"DN_COUNTRY_ID":214,
"DC_COUNTRY_CODE":"TW",
"DC_COUNTRY_CODE_THREE":"TWN",
"DC_COUNTRY_DIAL_CODE":"+886",
"DC_COUNTRY_NAME":"Taiwan",
"DC_CURRENCY_NUMERIC":"901",
"DC_ISO":"158",
"DB_MULTIPLE_FORMAT":"1",
"DC_NATIONALITY":"Taiwanese",
"DC_PHONE_FORMAT":null,
"DN_TOTAL_NUMBER":9,
"DB_ACTIVE":"0"
},
{ 
"DN_COUNTRY_ID":215,
"DC_COUNTRY_CODE":"TJ",
"DC_COUNTRY_CODE_THREE":"TJK",
"DC_COUNTRY_DIAL_CODE":"+992",
"DC_COUNTRY_NAME":"Tajikistan",
"DC_CURRENCY_NUMERIC":"972",
"DC_ISO":"762",
"DB_MULTIPLE_FORMAT":"1",
"DC_NATIONALITY":"Tajikistani",
"DC_PHONE_FORMAT":null,
"DN_TOTAL_NUMBER":9,
"DB_ACTIVE":"0"
},
{ 
"DN_COUNTRY_ID":216,
"DC_COUNTRY_CODE":"TZ",
"DC_COUNTRY_CODE_THREE":"TZA",
"DC_COUNTRY_DIAL_CODE":"+255",
"DC_COUNTRY_NAME":"Tanzania",
"DC_CURRENCY_NUMERIC":"834",
"DC_ISO":"834",
"DB_MULTIPLE_FORMAT":"1",
"DC_NATIONALITY":"Tanzanian",
"DC_PHONE_FORMAT":null,
"DN_TOTAL_NUMBER":9,
"DB_ACTIVE":"0"
},
{ 
"DN_COUNTRY_ID":217,
"DC_COUNTRY_CODE":"TH",
"DC_COUNTRY_CODE_THREE":"THA",
"DC_COUNTRY_DIAL_CODE":"+66",
"DC_COUNTRY_NAME":"Thailand",
"DC_CURRENCY_NUMERIC":"764",
"DC_ISO":"764",
"DB_MULTIPLE_FORMAT":"1",
"DC_NATIONALITY":"Thai",
"DC_PHONE_FORMAT":null,
"DN_TOTAL_NUMBER":9,
"DB_ACTIVE":"0"
},
{ 
"DN_COUNTRY_ID":218,
"DC_COUNTRY_CODE":"TG",
"DC_COUNTRY_CODE_THREE":"TGO",
"DC_COUNTRY_DIAL_CODE":"+228",
"DC_COUNTRY_NAME":"Togo",
"DC_CURRENCY_NUMERIC":"952",
"DC_ISO":"768",
"DB_MULTIPLE_FORMAT":"0",
"DC_NATIONALITY":"Togolese",
"DC_PHONE_FORMAT":"2:6",
"DN_TOTAL_NUMBER":8,
"DB_ACTIVE":"0"
},
{ 
"DN_COUNTRY_ID":219,
"DC_COUNTRY_CODE":"TK",
"DC_COUNTRY_CODE_THREE":"TKL",
"DC_COUNTRY_DIAL_CODE":"+690",
"DC_COUNTRY_NAME":"Tokelau",
"DC_CURRENCY_NUMERIC":"554",
"DC_ISO":"772",
"DB_MULTIPLE_FORMAT":"1",
"DC_NATIONALITY":"Tokelauan",
"DC_PHONE_FORMAT":null,
"DN_TOTAL_NUMBER":4,
"DB_ACTIVE":"0"
},
{ 
"DN_COUNTRY_ID":220,
"DC_COUNTRY_CODE":"TO",
"DC_COUNTRY_CODE_THREE":"TON",
"DC_COUNTRY_DIAL_CODE":"+676",
"DC_COUNTRY_NAME":"Tonga",
"DC_CURRENCY_NUMERIC":"776",
"DC_ISO":"776",
"DB_MULTIPLE_FORMAT":"1",
"DC_NATIONALITY":"Tongan",
"DC_PHONE_FORMAT":null,
"DN_TOTAL_NUMBER":7,
"DB_ACTIVE":"0"
},
{ 
"DN_COUNTRY_ID":221,
"DC_COUNTRY_CODE":"TT",
"DC_COUNTRY_CODE_THREE":"TTO",
"DC_COUNTRY_DIAL_CODE":"+1",
"DC_COUNTRY_NAME":"Trinidad And Tobago",
"DC_CURRENCY_NUMERIC":"780",
"DC_ISO":"780",
"DB_MULTIPLE_FORMAT":"0",
"DC_NATIONALITY":"Trinidadian or Tobagonian",
"DC_PHONE_FORMAT":"3:3:4",
"DN_TOTAL_NUMBER":10,
"DB_ACTIVE":"0"
},
{ 
"DN_COUNTRY_ID":222,
"DC_COUNTRY_CODE":"TN",
"DC_COUNTRY_CODE_THREE":"TUN",
"DC_COUNTRY_DIAL_CODE":"+216",
"DC_COUNTRY_NAME":"Tunisia",
"DC_CURRENCY_NUMERIC":"788",
"DC_ISO":"788",
"DB_MULTIPLE_FORMAT":"1",
"DC_NATIONALITY":"Tunisian",
"DC_PHONE_FORMAT":null,
"DN_TOTAL_NUMBER":8,
"DB_ACTIVE":"0"
},
{ 
"DN_COUNTRY_ID":223,
"DC_COUNTRY_CODE":"TR",
"DC_COUNTRY_CODE_THREE":"TUR",
"DC_COUNTRY_DIAL_CODE":"+90",
"DC_COUNTRY_NAME":"Turkey",
"DC_CURRENCY_NUMERIC":"949",
"DC_ISO":"792",
"DB_MULTIPLE_FORMAT":"0",
"DC_NATIONALITY":"Turkish",
"DC_PHONE_FORMAT":"3:3:4",
"DN_TOTAL_NUMBER":10,
"DB_ACTIVE":"0"
},
{ 
"DN_COUNTRY_ID":224,
"DC_COUNTRY_CODE":"TM",
"DC_COUNTRY_CODE_THREE":"TKM",
"DC_COUNTRY_DIAL_CODE":"+993",
"DC_COUNTRY_NAME":"Turkmenistan",
"DC_CURRENCY_NUMERIC":"934",
"DC_ISO":"795",
"DB_MULTIPLE_FORMAT":"1",
"DC_NATIONALITY":"Turkmen",
"DC_PHONE_FORMAT":null,
"DN_TOTAL_NUMBER":8,
"DB_ACTIVE":"0"
},
{ 
"DN_COUNTRY_ID":225,
"DC_COUNTRY_CODE":"TC",
"DC_COUNTRY_CODE_THREE":"TCA",
"DC_COUNTRY_DIAL_CODE":"+1",
"DC_COUNTRY_NAME":"Turks And Caicos Islands",
"DC_CURRENCY_NUMERIC":"840",
"DC_ISO":"796",
"DB_MULTIPLE_FORMAT":"1",
"DC_NATIONALITY":"Turks and Caicos Island",
"DC_PHONE_FORMAT":null,
"DN_TOTAL_NUMBER":7,
"DB_ACTIVE":"0"
},
{ 
"DN_COUNTRY_ID":226,
"DC_COUNTRY_CODE":"TV",
"DC_COUNTRY_CODE_THREE":"TUV",
"DC_COUNTRY_DIAL_CODE":"+688",
"DC_COUNTRY_NAME":"Tuvalu",
"DC_CURRENCY_NUMERIC":"036",
"DC_ISO":"798",
"DB_MULTIPLE_FORMAT":"1",
"DC_NATIONALITY":"Tuvaluan",
"DC_PHONE_FORMAT":null,
"DN_TOTAL_NUMBER":6,
"DB_ACTIVE":"0"
},
{ 
"DN_COUNTRY_ID":227,
"DC_COUNTRY_CODE":"UG",
"DC_COUNTRY_CODE_THREE":"UGA",
"DC_COUNTRY_DIAL_CODE":"+256",
"DC_COUNTRY_NAME":"Uganda",
"DC_CURRENCY_NUMERIC":"800",
"DC_ISO":"800",
"DB_MULTIPLE_FORMAT":"1",
"DC_NATIONALITY":"Ugandan",
"DC_PHONE_FORMAT":null,
"DN_TOTAL_NUMBER":9,
"DB_ACTIVE":"0"
},
{ 
"DN_COUNTRY_ID":228,
"DC_COUNTRY_CODE":"UA",
"DC_COUNTRY_CODE_THREE":"UKR",
"DC_COUNTRY_DIAL_CODE":"+380",
"DC_COUNTRY_NAME":"Ukraine",
"DC_CURRENCY_NUMERIC":"980",
"DC_ISO":"804",
"DB_MULTIPLE_FORMAT":"1",
"DC_NATIONALITY":"Ukrainian",
"DC_PHONE_FORMAT":null,
"DN_TOTAL_NUMBER":9,
"DB_ACTIVE":"0"
},
{ 
"DN_COUNTRY_ID":229,
"DC_COUNTRY_CODE":"AE",
"DC_COUNTRY_CODE_THREE":"ARE",
"DC_COUNTRY_DIAL_CODE":"+971",
"DC_COUNTRY_NAME":"United Arab Emirates",
"DC_CURRENCY_NUMERIC":"784",
"DC_ISO":"784",
"DB_MULTIPLE_FORMAT":"1",
"DC_NATIONALITY":"Emirian",
"DC_PHONE_FORMAT":null,
"DN_TOTAL_NUMBER":9,
"DB_ACTIVE":"0"
},
{ 
"DN_COUNTRY_ID":230,
"DC_COUNTRY_CODE":"GB",
"DC_COUNTRY_CODE_THREE":"GBR",
"DC_COUNTRY_DIAL_CODE":"+44",
"DC_COUNTRY_NAME":"United Kingdom",
"DC_CURRENCY_NUMERIC":"826",
"DC_ISO":"826",
"DB_MULTIPLE_FORMAT":"1",
"DC_NATIONALITY":"British",
"DC_PHONE_FORMAT":null,
"DN_TOTAL_NUMBER":10,
"DB_ACTIVE":"0"
},
{ 
"DN_COUNTRY_ID":231,
"DC_COUNTRY_CODE":"US",
"DC_COUNTRY_CODE_THREE":"USA",
"DC_COUNTRY_DIAL_CODE":"+1",
"DC_COUNTRY_NAME":"United States",
"DC_CURRENCY_NUMERIC":"840",
"DC_ISO":"840",
"DB_MULTIPLE_FORMAT":"0",
"DC_NATIONALITY":"American",
"DC_PHONE_FORMAT":"3:3:4",
"DN_TOTAL_NUMBER":10,
"DB_ACTIVE":"1"
},
{ 
"DN_COUNTRY_ID":232,
"DC_COUNTRY_CODE":"UM",
"DC_COUNTRY_CODE_THREE":"UMI",
"DC_COUNTRY_DIAL_CODE":"+1",
"DC_COUNTRY_NAME":"United States Minor Outlying Islands",
"DC_CURRENCY_NUMERIC":"840",
"DC_ISO":"581",
"DB_MULTIPLE_FORMAT":"1",
"DC_NATIONALITY":"American",
"DC_PHONE_FORMAT":null,
"DN_TOTAL_NUMBER":10,
"DB_ACTIVE":"0"
},
{ 
"DN_COUNTRY_ID":233,
"DC_COUNTRY_CODE":"UY",
"DC_COUNTRY_CODE_THREE":"URY",
"DC_COUNTRY_DIAL_CODE":"+598",
"DC_COUNTRY_NAME":"Uruguay",
"DC_CURRENCY_NUMERIC":"858",
"DC_ISO":"858",
"DB_MULTIPLE_FORMAT":"0",
"DC_NATIONALITY":"Uruguayan",
"DC_PHONE_FORMAT":"4:4",
"DN_TOTAL_NUMBER":8,
"DB_ACTIVE":"0"
},
{ 
"DN_COUNTRY_ID":234,
"DC_COUNTRY_CODE":"UZ",
"DC_COUNTRY_CODE_THREE":"UZB",
"DC_COUNTRY_DIAL_CODE":"+998",
"DC_COUNTRY_NAME":"Uzbekistan",
"DC_CURRENCY_NUMERIC":"860",
"DC_ISO":"860",
"DB_MULTIPLE_FORMAT":"0",
"DC_NATIONALITY":"Uzbekistani",
"DC_PHONE_FORMAT":"2:7",
"DN_TOTAL_NUMBER":9,
"DB_ACTIVE":"0"
},
{ 
"DN_COUNTRY_ID":235,
"DC_COUNTRY_CODE":"VU",
"DC_COUNTRY_CODE_THREE":"VUT",
"DC_COUNTRY_DIAL_CODE":"+678",
"DC_COUNTRY_NAME":"Vanuatu",
"DC_CURRENCY_NUMERIC":"548",
"DC_ISO":"548",
"DB_MULTIPLE_FORMAT":"1",
"DC_NATIONALITY":"Ni-Vanuatu, Vanuatuan",
"DC_PHONE_FORMAT":null,
"DN_TOTAL_NUMBER":7,
"DB_ACTIVE":"0"
},
{ 
"DN_COUNTRY_ID":236,
"DC_COUNTRY_CODE":"VA",
"DC_COUNTRY_CODE_THREE":"VAT",
"DC_COUNTRY_DIAL_CODE":"+39",
"DC_COUNTRY_NAME":"Vatican City State (Holy See)",
"DC_CURRENCY_NUMERIC":"978",
"DC_ISO":"336",
"DB_MULTIPLE_FORMAT":"1",
"DC_NATIONALITY":"Vatican",
"DC_PHONE_FORMAT":null,
"DN_TOTAL_NUMBER":11,
"DB_ACTIVE":"0"
},
{ 
"DN_COUNTRY_ID":237,
"DC_COUNTRY_CODE":"VE",
"DC_COUNTRY_CODE_THREE":"VEN",
"DC_COUNTRY_DIAL_CODE":"+58",
"DC_COUNTRY_NAME":"Venezuela",
"DC_CURRENCY_NUMERIC":"937",
"DC_ISO":"862",
"DB_MULTIPLE_FORMAT":"1",
"DC_NATIONALITY":"Venezuelan",
"DC_PHONE_FORMAT":null,
"DN_TOTAL_NUMBER":10,
"DB_ACTIVE":"0"
},
{ 
"DN_COUNTRY_ID":238,
"DC_COUNTRY_CODE":"VN",
"DC_COUNTRY_CODE_THREE":"VNM",
"DC_COUNTRY_DIAL_CODE":"+84",
"DC_COUNTRY_NAME":"Vietnam",
"DC_CURRENCY_NUMERIC":"704",
"DC_ISO":"704",
"DB_MULTIPLE_FORMAT":"1",
"DC_NATIONALITY":"Vietnamese",
"DC_PHONE_FORMAT":null,
"DN_TOTAL_NUMBER":10,
"DB_ACTIVE":"0"
},
{ 
"DN_COUNTRY_ID":239,
"DC_COUNTRY_CODE":"VG",
"DC_COUNTRY_CODE_THREE":"VGB",
"DC_COUNTRY_DIAL_CODE":"+1",
"DC_COUNTRY_NAME":"Virgin Islands (British)",
"DC_CURRENCY_NUMERIC":"840",
"DC_ISO":"92",
"DB_MULTIPLE_FORMAT":"1",
"DC_NATIONALITY":"British Virgin Island",
"DC_PHONE_FORMAT":null,
"DN_TOTAL_NUMBER":7,
"DB_ACTIVE":"0"
},
{ 
"DN_COUNTRY_ID":240,
"DC_COUNTRY_CODE":"VI",
"DC_COUNTRY_CODE_THREE":"VIR",
"DC_COUNTRY_DIAL_CODE":"+1",
"DC_COUNTRY_NAME":"Virgin Islands (US)",
"DC_CURRENCY_NUMERIC":"840",
"DC_ISO":"850",
"DB_MULTIPLE_FORMAT":"1",
"DC_NATIONALITY":"U.S. Virgin Island",
"DC_PHONE_FORMAT":null,
"DN_TOTAL_NUMBER":10,
"DB_ACTIVE":"0"
},
{ 
"DN_COUNTRY_ID":241,
"DC_COUNTRY_CODE":"WF",
"DC_COUNTRY_CODE_THREE":"WLF",
"DC_COUNTRY_DIAL_CODE":"+681",
"DC_COUNTRY_NAME":"Wallis And Futuna Islands",
"DC_CURRENCY_NUMERIC":"953",
"DC_ISO":"876",
"DB_MULTIPLE_FORMAT":"0",
"DC_NATIONALITY":"Wallis and Futuna, Wallisian or Futunan",
"DC_PHONE_FORMAT":"2:4",
"DN_TOTAL_NUMBER":6,
"DB_ACTIVE":"0"
},
{ 
"DN_COUNTRY_ID":242,
"DC_COUNTRY_CODE":"EH",
"DC_COUNTRY_CODE_THREE":"ESH",
"DC_COUNTRY_DIAL_CODE":"+212",
"DC_COUNTRY_NAME":"Western Sahara",
"DC_CURRENCY_NUMERIC":"504",
"DC_ISO":"732",
"DB_MULTIPLE_FORMAT":"0",
"DC_NATIONALITY":"Sahrawi, Sahrawian, Sahraouian",
"DC_PHONE_FORMAT":"4:5",
"DN_TOTAL_NUMBER":9,
"DB_ACTIVE":"0"
},
{ 
"DN_COUNTRY_ID":243,
"DC_COUNTRY_CODE":"YE",
"DC_COUNTRY_CODE_THREE":"YEM",
"DC_COUNTRY_DIAL_CODE":"+967",
"DC_COUNTRY_NAME":"Yemen",
"DC_CURRENCY_NUMERIC":"886",
"DC_ISO":"887",
"DB_MULTIPLE_FORMAT":"1",
"DC_NATIONALITY":"Yemeni",
"DC_PHONE_FORMAT":null,
"DN_TOTAL_NUMBER":9,
"DB_ACTIVE":"0"
},
{ 
"DN_COUNTRY_ID":244,
"DC_COUNTRY_CODE":"MK",
"DC_COUNTRY_CODE_THREE":"MKD",
"DC_COUNTRY_DIAL_CODE":"+389",
"DC_COUNTRY_NAME":"Macedonia (the former Yugoslav Republic of)",
"DC_CURRENCY_NUMERIC":"807",
"DC_ISO":"807",
"DB_MULTIPLE_FORMAT":"0",
"DC_NATIONALITY":"Macedonian",
"DC_PHONE_FORMAT":"2:6",
"DN_TOTAL_NUMBER":8,
"DB_ACTIVE":"0"
},
{ 
"DN_COUNTRY_ID":245,
"DC_COUNTRY_CODE":"ZM",
"DC_COUNTRY_CODE_THREE":"ZMB",
"DC_COUNTRY_DIAL_CODE":"+260",
"DC_COUNTRY_NAME":"Zambia",
"DC_CURRENCY_NUMERIC":"894",
"DC_ISO":"894",
"DB_MULTIPLE_FORMAT":"0",
"DC_NATIONALITY":"Zambian",
"DC_PHONE_FORMAT":"3:6",
"DN_TOTAL_NUMBER":9,
"DB_ACTIVE":"0"
},
{ 
"DN_COUNTRY_ID":246,
"DC_COUNTRY_CODE":"ZW",
"DC_COUNTRY_CODE_THREE":"ZWE",
"DC_COUNTRY_DIAL_CODE":"+263",
"DC_COUNTRY_NAME":"Zimbabwe",
"DC_CURRENCY_NUMERIC":"932",
"DC_ISO":"716",
"DB_MULTIPLE_FORMAT":"1",
"DC_NATIONALITY":"Zimbabwean",
"DC_PHONE_FORMAT":null,
"DN_TOTAL_NUMBER":9,
"DB_ACTIVE":"0"
},
{ 
"DN_COUNTRY_ID":247,
"DC_COUNTRY_CODE":"ME",
"DC_COUNTRY_CODE_THREE":"MNE",
"DC_COUNTRY_DIAL_CODE":"+382",
"DC_COUNTRY_NAME":"Montenegro",
"DC_CURRENCY_NUMERIC":"978",
"DC_ISO":"978",
"DB_MULTIPLE_FORMAT":"0",
"DC_NATIONALITY":"Montenegrin",
"DC_PHONE_FORMAT":"2:3:3",
"DN_TOTAL_NUMBER":8,
"DB_ACTIVE":"0"
}]