{
  "images" : [
    {
      "filename" : "createTravelPlus.png",
      "idiom" : "universal",
      "scale" : "1x"
    },
    {
      "appearances" : [
        {
          "appearance" : "luminosity",
          "value" : "dark"
        }
      ],
      "filename" : "createTravelPlus 1.png",
      "idiom" : "universal",
      "scale" : "1x"
    },
    {
      "filename" : "createTravelPlus@2x.png",
      "idiom" : "universal",
      "scale" : "2x"
    },
    {
      "appearances" : [
        {
          "appearance" : "luminosity",
          "value" : "dark"
        }
      ],
      "filename" : "createTravelPlus@2X 1.png",
      "idiom" : "universal",
      "scale" : "2x"
    },
    {
      "filename" : "createTravelPlus@3x.png",
      "idiom" : "universal",
      "scale" : "3x"
    },
    {
      "appearances" : [
        {
          "appearance" : "luminosity",
          "value" : "dark"
        }
      ],
      "filename" : "createTravelPlus@3X 1.png",
      "idiom" : "universal",
      "scale" : "3x"
    }
  ],
  "info" : {
    "author" : "xcode",
    "version" : 1
  },
  "properties" : {
    "template-rendering-intent" : "original"
  }
}
