{
  "images" : [
    {
      "filename" : "Group 79.png",
      "idiom" : "universal",
      "scale" : "1x"
    },
    {
      "appearances" : [
        {
          "appearance" : "luminosity",
          "value" : "dark"
        }
      ],
      "filename" : "eyeDark 2.png",
      "idiom" : "universal",
      "scale" : "1x"
    },
    {
      "filename" : "Group 79@2x.png",
      "idiom" : "universal",
      "scale" : "2x"
    },
    {
      "appearances" : [
        {
          "appearance" : "luminosity",
          "value" : "dark"
        }
      ],
      "filename" : "eyeDark 1.png",
      "idiom" : "universal",
      "scale" : "2x"
    },
    {
      "filename" : "Group 79@3x.png",
      "idiom" : "universal",
      "scale" : "3x"
    },
    {
      "appearances" : [
        {
          "appearance" : "luminosity",
          "value" : "dark"
        }
      ],
      "filename" : "eyeDark.png",
      "idiom" : "universal",
      "scale" : "3x"
    }
  ],
  "info" : {
    "author" : "xcode",
    "version" : 1
  }
}
